"firstName","lastName","linkedinUrl","headline","emails","emails/0/catchAllDomain","emails/0/deliverable","emails/0/email","emails/0/free","emails/0/qualityScore","emails/0/status","emails/0/validEmailServer","location/countryCode","location/linkedinText","location/parsed/country","location/parsed/countryCode","location/parsed/countryFull","location/parsed/regionCode","location/parsed/text","currentPosition/0/company/active","currentPosition/0/company/announcement","currentPosition/0/company/autoGenerated","currentPosition/0/company/backgroundCover","currentPosition/0/company/backgroundCovers/0/height","currentPosition/0/company/backgroundCovers/0/url","currentPosition/0/company/backgroundCovers/0/width","currentPosition/0/company/backgroundCovers/1/height","currentPosition/0/company/backgroundCovers/1/url","currentPosition/0/company/backgroundCovers/1/width","currentPosition/0/company/backgroundCovers/2/height","currentPosition/0/company/backgroundCovers/2/url","currentPosition/0/company/backgroundCovers/2/width","currentPosition/0/company/callToActionUrl","currentPosition/0/company/description","currentPosition/0/company/employeeCount","currentPosition/0/company/employeeCountRange/end","currentPosition/0/company/employeeCountRange/start","currentPosition/0/company/followerCount","currentPosition/0/company/foundedOn","currentPosition/0/company/foundedOn/day","currentPosition/0/company/foundedOn/month","currentPosition/0/company/foundedOn/year","currentPosition/0/company/fundingData","currentPosition/0/company/id","currentPosition/0/company/industries/0/hierarchy","currentPosition/0/company/industries/0/id","currentPosition/0/company/industries/0/name","currentPosition/0/company/industries/0/title","currentPosition/0/company/industries/0/urn","currentPosition/0/company/jobSearchUrl","currentPosition/0/company/linkedinUrl","currentPosition/0/company/location/city","currentPosition/0/company/location/country","currentPosition/0/company/location/description","currentPosition/0/company/location/geographicArea","currentPosition/0/company/location/headquarter","currentPosition/0/company/location/line1","currentPosition/0/company/location/line2","currentPosition/0/company/location/parsed/city","currentPosition/0/company/location/parsed/country","currentPosition/0/company/location/parsed/countryCode","currentPosition/0/company/location/parsed/countryFull","currentPosition/0/company/location/parsed/regionCode","currentPosition/0/company/location/parsed/state","currentPosition/0/company/location/parsed/text","currentPosition/0/company/location/postalCode","currentPosition/0/company/logo","currentPosition/0/company/logos/0/height","currentPosition/0/company/logos/0/url","currentPosition/0/company/logos/0/width","currentPosition/0/company/logos/1/height","currentPosition/0/company/logos/1/url","currentPosition/0/company/logos/1/width","currentPosition/0/company/logos/2/height","currentPosition/0/company/logos/2/url","currentPosition/0/company/logos/2/width","currentPosition/0/company/name","currentPosition/0/company/pageType","currentPosition/0/company/pageVerified","currentPosition/0/company/phone","currentPosition/0/company/phone/extension","currentPosition/0/company/phone/number","currentPosition/0/company/specialities/0","currentPosition/0/company/specialities/1","currentPosition/0/company/specialities/2","currentPosition/0/company/specialities/3","currentPosition/0/company/specialities/4","currentPosition/0/company/specialities/5","currentPosition/0/company/specialities/6","currentPosition/0/company/specialities/7","currentPosition/0/company/specialities/8","currentPosition/0/company/specialities/9","currentPosition/0/company/specialities/10","currentPosition/0/company/specialities/11","currentPosition/0/company/specialities/12","currentPosition/0/company/specialities/13","currentPosition/0/company/specialities/14","currentPosition/0/company/specialities/15","currentPosition/0/company/tagline","currentPosition/0/company/universalName","currentPosition/0/company/website","currentPosition/0/companyId","currentPosition/0/companyLinkedinUrl","currentPosition/0/companyLogo","currentPosition/0/companyLogo/sizes/0/height","currentPosition/0/companyLogo/sizes/0/url","currentPosition/0/companyLogo/sizes/0/width","currentPosition/0/companyLogo/sizes/1/height","currentPosition/0/companyLogo/sizes/1/url","currentPosition/0/companyLogo/sizes/1/width","currentPosition/0/companyLogo/sizes/2/height","currentPosition/0/companyLogo/sizes/2/url","currentPosition/0/companyLogo/sizes/2/width","currentPosition/0/companyLogo/url","currentPosition/0/companyName","currentPosition/0/companyUniversalName","currentPosition/0/description","currentPosition/0/duration","currentPosition/0/employmentType","currentPosition/0/endDate/text","currentPosition/0/experienceGroupId","currentPosition/0/location","currentPosition/0/position","currentPosition/0/skills","currentPosition/0/skills/0","currentPosition/0/skills/1","currentPosition/0/skills/2","currentPosition/0/skills/3","currentPosition/0/skills/4","currentPosition/0/skills/5","currentPosition/0/skills/6","currentPosition/0/skills/7","currentPosition/0/skills/8","currentPosition/0/skills/9","currentPosition/0/skills/10","currentPosition/0/skills/11","currentPosition/0/skills/12","currentPosition/0/skills/13","currentPosition/0/skills/14","currentPosition/0/skills/15","currentPosition/0/skills/16","currentPosition/0/skills/17","currentPosition/0/skills/18","currentPosition/0/skills/19","currentPosition/0/startDate/month","currentPosition/0/startDate/text","currentPosition/0/startDate/year","currentPosition/0/workplaceType","connectionsCount","followerCount","topSkills","about"
"Karen Lucía","Flores Rivera","https://www.linkedin.com/in/karen-lucía-flores-rivera-b0363159","Psicóloga y Psicoterapeuta especialista en Bienestar Universitario y Salud Mental /Docente Universitaria",,"false","true","karen.flores@upc.edu.pe","false","90","valid","true","PE","Peru","Peru","PE","Peru",,"Peru","true",,"false","https://media.licdn.com/dms/image/v2/D4E1BAQFjrsZOgxMftA/company-background_10000/B4EZ2sMB6BIoAU-/0/1776710328689/universidad_peruana_de_ciencias_aplicadas_cover?e=1779156000&v=beta&t=KMBCZLxNa8eE8uoPRRdMatCZYhFw-AiAAp4OOS1ac30","191","https://media.licdn.com/dms/image/v2/D4E1BAQFjrsZOgxMftA/company-background_10000/B4EZ2sMB6BIoAU-/0/1776710328689/universidad_peruana_de_ciencias_aplicadas_cover?e=1779156000&v=beta&t=KMBCZLxNa8eE8uoPRRdMatCZYhFw-AiAAp4OOS1ac30","1128","67","https://media.licdn.com/dms/image/v2/D4E1BAQFjrsZOgxMftA/company-background_400/B4EZ2sMB6BIoAY-/0/1776710328689/universidad_peruana_de_ciencias_aplicadas_cover?e=1779156000&v=beta&t=XtHeRYT4WmtI3J_yyNCbuvoEnDOQgLJy6nuyFYhEOQk","400","33","https://media.licdn.com/dms/image/v2/D4E1BAQFjrsZOgxMftA/company-background_200/B4EZ2sMB6BIoAc-/0/1776710328689/universidad_peruana_de_ciencias_aplicadas_cover?e=1779156000&v=beta&t=Tq2whG3B3NmZkBXFnDBPcwQcaHUEHccSVJv3dBDxkaE","200","https://www.upc.edu.pe/nosotros/nuestro-compromiso/","La Universidad Peruana de Ciencias Aplicadas (UPC) nació en 1994 como una institución basada en la creatividad e innovación que forme a los futuros protagonistas del cambio. 

Hoy es la primera universidad global del Perú y cuenta con 35 carreras enmarcadas en las facultades de Administración en Hotelería y Turismo, Arquitectura, Artes Contemporáneas, Ciencias de la Salud, Ciencias Humanas, Comunicaciones, Derecho, Diseño, Economía, Negocios e Ingeniería dictadas en sus 3 campus universitarios: Monterrico, San Isidro y Villa.

La UPC educa, investiga y promueve el conocimiento, la cultura y el desarrollo. Sus funciones las cumple con calidad, modernidad, eficiencia y competitividad a nivel internacional.","8251","5000","1001","380610",,,,"1994",,"398719","Education > Higher Education","68","Higher Education","Higher Education","urn:li:fsd_industry:68","https://www.linkedin.com/jobs/search?geoId=92000000&f_C=398719","https://www.linkedin.com/school/universidad-peruana-de-ciencias-aplicadas/","Lima","PE",,,"true","Campus Monterrico (Santiago de Surco): Prolongación Primavera 2390.","Campus Villa (Chorrillos): Av. Alameda San Marcos cuadra 2.","Lima","Peru","PE","Peru",,"Lima","Lima, Peru",,"https://media.licdn.com/dms/image/v2/C4E0BAQFTfUxRciPklw/company-logo_400_400/company-logo_400_400/0/1659454668561/universidad_peruana_de_ciencias_aplicadas_logo?e=1779926400&v=beta&t=0G2-7h9BHb_-1iIuHryhfSsMtMlAkf9NdE6H9ECizy4","400","https://media.licdn.com/dms/image/v2/C4E0BAQFTfUxRciPklw/company-logo_400_400/company-logo_400_400/0/1659454668561/universidad_peruana_de_ciencias_aplicadas_logo?e=1779926400&v=beta&t=0G2-7h9BHb_-1iIuHryhfSsMtMlAkf9NdE6H9ECizy4","400","200","https://media.licdn.com/dms/image/v2/C4E0BAQFTfUxRciPklw/company-logo_200_200/company-logo_200_200/0/1659454668561/universidad_peruana_de_ciencias_aplicadas_logo?e=1779926400&v=beta&t=t3ZhvcpURlPRZ31fm4BvLSgvCPjE0Fe9g5IPVdVBYDM","200","100","https://media.licdn.com/dms/image/v2/C4E0BAQFTfUxRciPklw/company-logo_100_100/company-logo_100_100/0/1659454668561/universidad_peruana_de_ciencias_aplicadas_logo?e=1779926400&v=beta&t=wdatXzfKpyFhxFmYtciuqyW1rtlAyID0GV8ENePQzYg","100","Universidad Peruana de Ciencias Aplicadas","SCHOOL","true",,,"","Educación Superior","Universidad","Innovación","Creatividad","Exigencia","Internacionalidad","Investigación","Proyección al futuro",,,,,,,,,"Exígete. Innova.","universidad-peruana-de-ciencias-aplicadas","http://www.upc.edu.pe/","398719","https://www.linkedin.com/school/universidad-peruana-de-ciencias-aplicadas/",,"400","https://media.licdn.com/dms/image/v2/C4E0BAQFTfUxRciPklw/company-logo_400_400/company-logo_400_400/0/1659454668561/universidad_peruana_de_ciencias_aplicadas_logo?e=1779926400&v=beta&t=0G2-7h9BHb_-1iIuHryhfSsMtMlAkf9NdE6H9ECizy4","400","200","https://media.licdn.com/dms/image/v2/C4E0BAQFTfUxRciPklw/company-logo_200_200/company-logo_200_200/0/1659454668561/universidad_peruana_de_ciencias_aplicadas_logo?e=1779926400&v=beta&t=t3ZhvcpURlPRZ31fm4BvLSgvCPjE0Fe9g5IPVdVBYDM","200","100","https://media.licdn.com/dms/image/v2/C4E0BAQFTfUxRciPklw/company-logo_100_100/company-logo_100_100/0/1659454668561/universidad_peruana_de_ciencias_aplicadas_logo?e=1779926400&v=beta&t=wdatXzfKpyFhxFmYtciuqyW1rtlAyID0GV8ENePQzYg","100","https://media.licdn.com/dms/image/v2/C4E0BAQFTfUxRciPklw/company-logo_400_400/company-logo_400_400/0/1659454668561/universidad_peruana_de_ciencias_aplicadas_logo?e=1779926400&v=beta&t=0G2-7h9BHb_-1iIuHryhfSsMtMlAkf9NdE6H9ECizy4","Universidad Peruana de Ciencias Aplicadas","universidad-peruana-de-ciencias-aplicadas","-	Realización de talleres y charlas a estudiantes, docentes y padres de familia en distintas instituciones educativas","1 yr 3 mos","Part-time","Present",,,"Psicóloga",,,,,,,,,,,,,,,,,,,,,,"Mar","Mar 2025","2025",,"1238","1341",,"👋¡Hola! Soy Karen Lucía

🎓Egresada del Doctorado en Psicología de UNIFE, magíster en Psicología Educativa, Psicoterapeuta Gestalt con mención en clínica de adultos y grupos, y Coach profesional miembro de la AICM. Con una publicación internacional en la Editorial Académica Española y especialista en asesoramiento metodológico y acompañamiento en procesos de elaboración de tesis a nivel universitario.

Poseo más de 13 años de experiencia en el ámbito educativo y clínico, desarrollando actividades de evaluación, prevención, promoción e intervención psicológica y psicopedagógica, tanto a nivel individual como grupal. Orientándome al fortalecimiento del bienestar psicológico, el desarrollo personal y el acompañamiento integral en procesos formativos. 

Además, me desempeño como docente universitaria en reconocidas instituciones de educación superior como la Universidad César Vallejo (UCV), la Universidad Privada del Norte (UPN), la Universidad San Ignacio de Loyola (USIL) y la Universidad Tecnológica del Perú (UTP), contribuyendo a la formación de futuros profesionales desde una perspectiva académica, ética y humanista."
"Moisés  Recuenco","La Barrera","https://www.linkedin.com/in/moisés-recuenco-la-barrera-43233647","PSICÓLOGO CLÍNICO PSICOTERAPEUTA. C.Ps.P 25752",,,,,,,,,"PE","Peru","Peru","PE","Peru",,"Peru",,,,,,,,,,,,,,,,,,,,,,,,,,,,,,,,,,,,,,,,,,,,,,,,,,,,,,,,,,,,,,,,,,,,,,,,,,,,,,,,,,,,"https://www.linkedin.com/search/results/all/?keywords=Sinapsis+Consultores+S%2EA%2EC%2E",,,,,,,,,,,,"Sinapsis Consultores S.A.C.",,,"7 mos","Full-time","Present",,"Lima, Perú","Psicólogo psicoterapeuta cognitivo y facilitador en desarrollo personal e inteligencia emocional.",,,,,,,,,,,,,,,,,,,,,,"Nov","Nov 2025","2025","Hybrid","134","147",,"Licenciado en Psicología Moisés Recuenco La Barrera egresado de la Facultad de Psicología y Trabajo Social de la Universidad Privada Inca Garcilaso de la Vega, en Lima Perú. Se desempeña como Psicólogo Consultor interviniendo en la promoción de la salud mental y emocional, relaciones familiares y crisis de pareja. Asimismo interviniendo en el desarrollo del clima institucional y la salud del trabajador. Psicoterapia cognitiva para el tratamiento del estrés, la ansiedad y la depresión. Facilitador en los procesos educativos de los alumnos, convivencia escolar y el desempeño del docente como promotor del aprendizaje. Además es docente de los cursos de psicología de la motivación, inteligencia emocional y desarrollo personal."
"Jorge","Borja Chavez","https://www.linkedin.com/in/jorge-borja-chavez-47609672","Phd student Social Sciences at Radboud University / Health Sciences at UNMSM. Msc. Psychology and Gender Violence, Clinical & Forensic Psychologist. Full time professor PUCP",,,,,,,,,"PE","Peru","Peru","PE","Peru",,"Peru","true",,"false",,,,,,,,,,,"http://www.delaespriella.org","Atención especializada en el campo de la salud mental","4279","1","0","6530",,,,,,"1216825","Hospitals and Health Care > Medical Practices > Mental Health Care","139","Mental Health Care","Mental Health Care","urn:li:fsd_industry:139","https://www.linkedin.com/jobs/search?geoId=92000000&f_C=1216825","https://www.linkedin.com/company/consulta-privada_6/",,"CO",,,"true",,,,"Colombia","CO","Colombia",,,"Colombia","520001",,,,,,,,,,,"Consulta Privada","COMPANY","false",,,,,,,,,,,,,,,,,,,,,"consulta-privada_6","http://www.delaespriella.org","1216825","https://www.linkedin.com/company/consulta-privada_6/",,,,,,,,,,,,"Private practice","consulta-privada_6",,"7 yrs 5 mos",,"Present",,,"Psychotherapist",,,,,,,,,,,,,,,,,,,,,,"Jan","Jan 2019","2019",,"1642","1893",,"Clinical-Forensic Psychologist. PhD student at Radboud University and Universidad Nacional Mayor de San Marcos. MSc in Psychology and Violence Interventions. Specialist in public health, violence, grief, neurodegenerative diseases, and vulnerability."
"Daphne","King ","https://www.linkedin.com/in/akingm","Licensed Clinical Psychologist and Psychotherapist",,,,,,,,,"PE","Peru","Peru","PE","Peru",,"Peru","true",,"false",,,,,,,,,,,"http://www.delaespriella.org","Atención especializada en el campo de la salud mental","4279","1","0","6530",,,,,,"1216825","Hospitals and Health Care > Medical Practices > Mental Health Care","139","Mental Health Care","Mental Health Care","urn:li:fsd_industry:139","https://www.linkedin.com/jobs/search?geoId=92000000&f_C=1216825","https://www.linkedin.com/company/consulta-privada_6/",,"CO",,,"true",,,,"Colombia","CO","Colombia",,,"Colombia","520001",,,,,,,,,,,"Consulta Privada","COMPANY","false",,,,,,,,,,,,,,,,,,,,,"consulta-privada_6","http://www.delaespriella.org","1216825","https://www.linkedin.com/company/consulta-privada_6/",,,,,,,,,,,,"Private Practice","consulta-privada_6","Individual, family and couple therapeutic care.","13 yrs 5 mos","Full-time","Present",,"Lima, Peru","Psychotherapist",,"Psicología","Escucha terapéutica","Salud mental","Terapia para la salud mental","Habilidades sociales",,,,,,,,,,,,,,,,"Jan","Jan 2013","2013","Hybrid","449","605","Coaching • Resolución de problemas • Intervención en situaciones de crisis • Trabajo de grupo","Acompaño a personas funcionales que por dentro ya no pueden más."
"Claudia","Schoenbohm","https://www.linkedin.com/in/claudia-schoenbohm","Estrategia, personas y cultura | Liderazgo intercultural | Acelero resultados en entornos globales | Directora | Mentora | Psicóloga",,,,,,,,,"PE","Peru","Peru","PE","Peru",,"Peru",,,,,,,,,,,,,,,,,,,,,,,,,,,,,,,,,,,,,,,,,,,,,,,,,,,,,,,,,,,,,,,,,,,,,,,,,,,,,,,,,,,,"https://www.linkedin.com/search/results/all/?keywords=Consultor%C3%ADa+Independiente+%7C+Ejecutiva+Fractional",,,,,,,,,,,,"Consultoría Independiente | Ejecutiva Fractional",,,"9 mos",,"Present",,,"Estratega Senior | Especialista en Transformación Organizacional y Cultura",,,,,,,,,,,,,,,,,,,,,,"Sep","Sep 2025","2025",,"1951","2286",,"He vivido en 7 países y trabajado con múltiples culturas a lo largo de mi carrera.
 
Esa experiencia me enseñó algo clave: muchas estrategias no fallan por falta de claridad, sino por no lograr adaptarse a las personas, la cultura y el contexto donde deben ejecutarse.
 
Hoy trabajo con empresas que enfrentan ese mismo desafío.
 
Como aliada estratégica del negocio, ayudo a líderes y equipos a cerrar la brecha entre estrategia y ejecución, acelerando su adaptación en entornos globales y convirtiendo la complejidad cultural en resultados concretos.
 
He liderado procesos de transformación organizacional en entornos de alta complejidad (banca, consultoría, empresas globales), impactando miles de colaboradores y generando resultados medibles en adopción, eficiencia y desempeño.
 
Mi foco está en tres frentes:
 
 Adaptación de líderes en contextos internacionales 
 Ejecución efectiva de estrategias 
 Integración cultural para acelerar resultados 
 
Acompaño a líderes a alcanzar su punto de equilibrio más rápido, reduciendo riesgos, evitando fricción cultural y acelerando la generación de valor.
 
Mi diferencial: combino estrategia, ejecución y psicología organizacional. No solo diseño, aseguro que las cosas pasen."
"Pedro R.","Armendáriz","https://www.linkedin.com/in/pedro-r-armendariz","Psicólogo 🧠 | Terapeuta ACT - TCC🌱 | Coaching de Metas 🎯 | Filosofía y Ética del Cuidado 📖 | Práctica Privada en Lima 📍",,"true",,"pedro.armendariz@armendariz.pe","false","60","risky","true","PE","Peru","Peru","PE","Peru",,"Peru","true",,"false",,,,,,,,,,,"http://www.armendariz.pe",,"1","1","0","2",,,,,,"108325182","Hospitals and Health Care > Medical Practices > Mental Health Care","139","Mental Health Care","Mental Health Care","urn:li:fsd_industry:139","https://www.linkedin.com/jobs/search?geoId=92000000&f_C=108325182","https://www.linkedin.com/company/parmendariz/",,,,,,,,,,,,,,,,"https://media.licdn.com/dms/image/v2/D4E0BAQEVfkOKdgC7mA/company-logo_400_400/B4EZrhaDYzKYAY-/0/1764718295279/parmendariz_logo?e=1779926400&v=beta&t=nWz28VO3DzAcfSN78EPVFny8QPa5WbhkFYr2z7uPvVI","400","https://media.licdn.com/dms/image/v2/D4E0BAQEVfkOKdgC7mA/company-logo_400_400/B4EZrhaDYzKYAY-/0/1764718295279/parmendariz_logo?e=1779926400&v=beta&t=nWz28VO3DzAcfSN78EPVFny8QPa5WbhkFYr2z7uPvVI","400","200","https://media.licdn.com/dms/image/v2/D4E0BAQEVfkOKdgC7mA/company-logo_200_200/B4EZrhaDYzKYAI-/0/1764718295279/parmendariz_logo?e=1779926400&v=beta&t=gitUGkHx1zfwpZUhRgIKWVr0r7t6Hj7-KKdmC5ikwOs","200","100","https://media.licdn.com/dms/image/v2/D4E0BAQEVfkOKdgC7mA/company-logo_100_100/B4EZrhaDYzKYAQ-/0/1764718295279/parmendariz_logo?e=1779926400&v=beta&t=L5o-dx4zPifBPrDNdVvm3wIfkgoy3WsYAblKjhI_zhI","100","Pedro R. Amendáriz - Psicología y Coaching","COMPANY","false",,,,,,,,,,,,,,,,,,,,,"parmendariz","www.armendariz.pe","108325182","https://www.linkedin.com/company/parmendariz/",,"400","https://media.licdn.com/dms/image/v2/D4E0BAQEVfkOKdgC7mA/company-logo_400_400/B4EZrhaDYzKYAY-/0/1764718295279/parmendariz_logo?e=1779926400&v=beta&t=nWz28VO3DzAcfSN78EPVFny8QPa5WbhkFYr2z7uPvVI","400","200","https://media.licdn.com/dms/image/v2/D4E0BAQEVfkOKdgC7mA/company-logo_200_200/B4EZrhaDYzKYAI-/0/1764718295279/parmendariz_logo?e=1779926400&v=beta&t=gitUGkHx1zfwpZUhRgIKWVr0r7t6Hj7-KKdmC5ikwOs","200","100","https://media.licdn.com/dms/image/v2/D4E0BAQEVfkOKdgC7mA/company-logo_100_100/B4EZrhaDYzKYAQ-/0/1764718295279/parmendariz_logo?e=1779926400&v=beta&t=L5o-dx4zPifBPrDNdVvm3wIfkgoy3WsYAblKjhI_zhI","100","https://media.licdn.com/dms/image/v2/D4E0BAQEVfkOKdgC7mA/company-logo_400_400/B4EZrhaDYzKYAY-/0/1764718295279/parmendariz_logo?e=1779926400&v=beta&t=nWz28VO3DzAcfSN78EPVFny8QPa5WbhkFYr2z7uPvVI","Pedro R. Amendáriz - Psicología y Coaching","parmendariz",,"7 yrs 5 mos",,"Present",,,"Práctica Privada | Psicología ",,,,,,,,,,,,,,,,,,,,,,"Jan","Jan 2019","2019",,"1066","1098",,"Llegué a la psicología clínica después de varios años trabajando en recursos humanos. Este recorrido no fue un desvío, sino una parte importante de mi formación: ahí vi de cerca que el malestar de las personas rara vez puede entenderse de manera aislada. Tiene que ver con sus contextos, sus vínculos y las condiciones en las que viven. Esa comprensión sigue marcando mi manera de hacer terapia.
 
Trabajo desde la Terapia de Aceptación y Compromiso (ACT) y otras terapias contextuales. Lo que valoro de este enfoque es su honestidad: no busca prometer una vida sin malestar, sino ayudar a las personas a relacionarse de otra manera con lo que sienten, para poder avanzar hacia aquello que realmente les importa. Dicho así parece sencillo, pero en la práctica puede transformar profundamente la manera de vivir.
 
Esa misma inquietud por comprender qué significa realmente cuidar a alguien también me llevó a profundizar en la filosofía. Actualmente curso un Máster en Filosofías del Cuidado en la UAB Barcelona, una experiencia que ha reforzado mi convicción de que la salud mental no es solo un asunto individual, sino algo que también se sostiene, o se resiente, en la calidad de nuestras relaciones.
 
Soy psicólogo colegiado (CPsP 42321), egresado de la Universidad de Lima, con un Máster en Terapias Contextuales por la Universidad de Almería y formación en TCC, coaching, evaluación psicológica y orientación vocacional. Cuento con más de 7 años de práctica privada y actualmente colaboro también como psicoterapeuta en UNICEF, acompañando a adolescentes y familias en situación de vulnerabilidad.
 
Atiendo a adultos y adolescentes, de manera presencial en Lima y online.
 
www.parmendariz.pe"
"Mariela","Navarro Arroyo","https://www.linkedin.com/in/mariela-navarro-arroyo-94861b1aa","Psicóloga encargada del Servicio Psicológico en la Universidad de Piura – Campus Lima | Psicóloga Clínica y Psicoterapeuta | Docente universitaria | Orientación psicopedagógica | Neurodiversidad e inclusión | CPsP 29342",,"true",,"mariela.navarro@udep.edu.pe","false","60","risky","true","PE","Peru","Peru","PE","Peru",,"Peru","true",,"false","https://media.licdn.com/dms/image/v2/D4D1BAQHVFDefAzKykg/company-background_10000/company-background_10000/0/1737579415031/udepiura_cover?e=1779156000&v=beta&t=zem_j6AaUY_I46X4vxVw5kermxyW3Uxe33ICa0RUtFQ","191","https://media.licdn.com/dms/image/v2/D4D1BAQHVFDefAzKykg/company-background_10000/company-background_10000/0/1737579415031/udepiura_cover?e=1779156000&v=beta&t=zem_j6AaUY_I46X4vxVw5kermxyW3Uxe33ICa0RUtFQ","1128","67","https://media.licdn.com/dms/image/v2/D4D1BAQHVFDefAzKykg/company-background_400/company-background_400/0/1737579415031/udepiura_cover?e=1779156000&v=beta&t=n720-8QFDy9Na8dwfQm4RVvJkeTBISus7UEu1O_qTGw","400","33","https://media.licdn.com/dms/image/v2/D4D1BAQHVFDefAzKykg/company-background_200/company-background_200/0/1737579415031/udepiura_cover?e=1779156000&v=beta&t=VTpalaGA2cQC-8x-4kvr0jQf_P0hexxtNPurWKr7Daw","200","https://www.udep.edu.pe","La Universidad de Piura brinda una educación de calidad, impulsa la investigación científica y forma profesionales capaces de transformar la sociedad. A lo largo de los años, ha consolidado un reconocido prestigio por su rigurosidad académica, nivel de exigencia, seriedad y calidad institucional.","2153","5000","1001","126975",,,,"1969",,"339663","Education > Higher Education","68","Higher Education","Higher Education","urn:li:fsd_industry:68","https://www.linkedin.com/jobs/search?geoId=92000000&f_C=339663","https://www.linkedin.com/school/udepiura/","Piura","PE",,"Piura","true","Av. Ramón Mugica 131","Urb. San Eduardo","Piura","Peru","PE","Peru",,"Piura","Piura, Peru","Piura","https://media.licdn.com/dms/image/v2/C560BAQHjJvr4Ha8OAQ/company-logo_400_400/company-logo_400_400/0/1631373612789?e=1779926400&v=beta&t=Vs-NsoeBNT8zTk4OtnSflXuvlA__A0jpSwugLGq_SNE","400","https://media.licdn.com/dms/image/v2/C560BAQHjJvr4Ha8OAQ/company-logo_400_400/company-logo_400_400/0/1631373612789?e=1779926400&v=beta&t=Vs-NsoeBNT8zTk4OtnSflXuvlA__A0jpSwugLGq_SNE","400","200","https://media.licdn.com/dms/image/v2/C560BAQHjJvr4Ha8OAQ/company-logo_200_200/company-logo_200_200/0/1631373612789?e=1779926400&v=beta&t=QgWNN7zTFb833n_ceX-7c1uWSKvqVZhbYY5zG6EhoGo","200","100","https://media.licdn.com/dms/image/v2/C560BAQHjJvr4Ha8OAQ/company-logo_100_100/company-logo_100_100/0/1631373612789?e=1779926400&v=beta&t=bh_iT3cpwIaNbmo941nCUCSSSCQwU5-sCc_UPBmZo14","100","Universidad de Piura","SCHOOL","true",,,"(073)284500","Administración de Empresas","Ingeniería Industrial y de Sistemas","Economía y Finanzas","Contabilidad y Auditoría","Ingeniería Mecánico Eléctrica","Administración de Servicios","Ingeniería Civil","Derecho","Educación","Historia y Gestión Cultural","Medicina","Psicología","Comunicaciones de Marketing","Periodismo","Comunicación Audiovisual","Arquitectura","Mejores personas, mejores profesionales.","udepiura","http://udep.edu.pe/","339663","https://www.linkedin.com/school/udepiura/",,"400","https://media.licdn.com/dms/image/v2/C560BAQHjJvr4Ha8OAQ/company-logo_400_400/company-logo_400_400/0/1631373612789?e=1779926400&v=beta&t=Vs-NsoeBNT8zTk4OtnSflXuvlA__A0jpSwugLGq_SNE","400","200","https://media.licdn.com/dms/image/v2/C560BAQHjJvr4Ha8OAQ/company-logo_200_200/company-logo_200_200/0/1631373612789?e=1779926400&v=beta&t=QgWNN7zTFb833n_ceX-7c1uWSKvqVZhbYY5zG6EhoGo","200","100","https://media.licdn.com/dms/image/v2/C560BAQHjJvr4Ha8OAQ/company-logo_100_100/company-logo_100_100/0/1631373612789?e=1779926400&v=beta&t=bh_iT3cpwIaNbmo941nCUCSSSCQwU5-sCc_UPBmZo14","100","https://media.licdn.com/dms/image/v2/C560BAQHjJvr4Ha8OAQ/company-logo_400_400/company-logo_400_400/0/1631373612789?e=1779926400&v=beta&t=Vs-NsoeBNT8zTk4OtnSflXuvlA__A0jpSwugLGq_SNE","Universidad de Piura","udepiura",,"5 yrs 5 mos","Full-time","Present","bdabe524efcf444d5dae720eca478191f1b5314e","Distretto Di Miraflores","Psicóloga encargada del Servicio Psicológico",,"Comunicación","Desarrollo personal","Habilidades interpersonales","Soft skills","Psicoterapia",,,,,,,,,,,,,,,,"Jan","Jan 2021","2021","On-site","1788","1808",,"Magíster en Terapia del Bienestar Emocional por la Universidad CEU San Pablo, España. Maestría en Psicología Clínica con mención en Neuropsicología por la Universidad Peruana Cayetano Heredia - UPCH.  Magíster en Matrimonio y Familia por la Universidad de Piura. Licenciada en Psicología Clínica por la Universidad Femenina del Sagrado Corazón - UNIFÉ. Psicoterapeuta Cognitivo Conductual graduada en el Instituto Peruano de Psicoterapia Cognitiva Conductual - IPSICOC. Cuento con experiencia en el área educacional, tutoría, consejería, dictado de talleres y seminarios psicoeducativos de desarrollo personal y habilidades blandas. Con amplia experiencia en el campo de la salud mental, evaluaciones neuropsicológicas y diagnósticos psicológicos. Experiencia en el área de administración de empresas de diversos rubros. Por ello, puedo afirmar que toda mi formación me ha preparado para trabajar en diversos equipos con creatividad, proactividad, liderazgo y orientada a alcanzar los objetivos trazados."
"Álvaro","Valdivia Pareja","https://www.linkedin.com/in/álvaro-valdivia-pareja-55974292","Suicidólogo y Psicoterapeuta Trascendente Relacional. CEO de Sentido - Centro Peruano de Suicidología y Prevención del Suicidio",,,,,,,,,"PE","Peru","Peru","PE","Peru",,"Peru","true",,"false","https://media.licdn.com/dms/image/v2/D4E1BAQGkjHqGFuF7Lw/company-background_10000/B4EZxYHOY.IYAU-/0/1771004818679/iom_cover?e=1779156000&v=beta&t=cLNi8sqWTGR2LmHclx5klShoiYk7mBaReOOlN8PCeg8","2083","https://media.licdn.com/dms/image/v2/D4E1BAQGkjHqGFuF7Lw/company-background_10000/B4EZxYHOY.IYAU-/0/1771004818679/iom_cover?e=1779156000&v=beta&t=cLNi8sqWTGR2LmHclx5klShoiYk7mBaReOOlN8PCeg8","6250","133","https://media.licdn.com/dms/image/v2/D4E1BAQGkjHqGFuF7Lw/company-background_400/B4EZxYHOY.IYAY-/0/1771004818679/iom_cover?e=1779156000&v=beta&t=v1rOun9TusI1c1N5xF7bBXZwd31QUUY_7enCFbBTcvg","400","66","https://media.licdn.com/dms/image/v2/D4E1BAQGkjHqGFuF7Lw/company-background_200/B4EZxYHOY.IYAc-/0/1771004818679/iom_cover?e=1779156000&v=beta&t=7QtttROb8306WhIGg2QK6_YDZuqhq70dtmZaScJEJL8","200","https://www.iom.int/","Established in 1951, the International Organization for Migration is the leading intergovernmental organization in the field of migration and is committed to the principle that humane and orderly migration benefits migrants and society. 

IOM works with its partners in the international community to assist in meeting the growing operational challenges of migration, advance understanding of migration issues, encourage social and economic development through migration and uphold the well-being and human rights of migrants.

More people are on the move today than at any other time in recorded history: 1 billion people – comprising a seventh of humanity. A variety of elements – not least the information and communications revolutions – contribute to the movement of people on such a large scale. The forces driving migration as a priority issue are: climate change, natural and manmade catastrophes, conflict, the demographic trends of an ageing industrialized population, an exponentially expanding jobless youth population in the developing world and widening North–South social and economic disparities.","22257",,"10001","1299284",,,,,,"164447","Government Administration > Military and International Affairs > International Affairs","74","International Affairs","International Affairs","urn:li:fsd_industry:74","https://www.linkedin.com/jobs/search?geoId=92000000&f_C=164447","https://www.linkedin.com/company/iom/","Geneva","CH",,,"true","17, Route des Morillons",,"Genève","Switzerland","CH","Switzerland",,"Geneva","Genève, Switzerland","CH-1211","https://media.licdn.com/dms/image/v2/D4E0BAQEbiwjSY5_qmw/company-logo_400_400/B4EZyKWbTOIEAY-/0/1771847661149/iom_logo?e=1779926400&v=beta&t=8to41C9jvIKibOXEhszXOQL1PrJIqQdHgkEYV1gS7n0","400","https://media.licdn.com/dms/image/v2/D4E0BAQEbiwjSY5_qmw/company-logo_400_400/B4EZyKWbTOIEAY-/0/1771847661149/iom_logo?e=1779926400&v=beta&t=8to41C9jvIKibOXEhszXOQL1PrJIqQdHgkEYV1gS7n0","400","200","https://media.licdn.com/dms/image/v2/D4E0BAQEbiwjSY5_qmw/company-logo_200_200/B4EZyKWbTOIEAI-/0/1771847661149/iom_logo?e=1779926400&v=beta&t=0myNt_cW494bqcA-mRfG6U00maDPBSvg1dzC4RcxVtU","200","100","https://media.licdn.com/dms/image/v2/D4E0BAQEbiwjSY5_qmw/company-logo_100_100/B4EZyKWbTOIEAQ-/0/1771847661149/iom_logo?e=1779926400&v=beta&t=NWUGvWjKj_YN8Hw3Ag6NA1hWEgtG8sNmluYWkRvT_EI","100","IOM - UN Migration","COMPANY","true",,,,"migration","refugee","humanitarian aid","development","human rights","international displaced persons",,,,,,,,,,,"Promoting safe, regular and dignified migration since 1951.","iom","http://www.iom.int","164447","https://www.linkedin.com/company/iom/",,"400","https://media.licdn.com/dms/image/v2/D4E0BAQEbiwjSY5_qmw/company-logo_400_400/B4EZyKWbTOIEAY-/0/1771847661149/iom_logo?e=1779926400&v=beta&t=8to41C9jvIKibOXEhszXOQL1PrJIqQdHgkEYV1gS7n0","400","200","https://media.licdn.com/dms/image/v2/D4E0BAQEbiwjSY5_qmw/company-logo_200_200/B4EZyKWbTOIEAI-/0/1771847661149/iom_logo?e=1779926400&v=beta&t=0myNt_cW494bqcA-mRfG6U00maDPBSvg1dzC4RcxVtU","200","100","https://media.licdn.com/dms/image/v2/D4E0BAQEbiwjSY5_qmw/company-logo_100_100/B4EZyKWbTOIEAQ-/0/1771847661149/iom_logo?e=1779926400&v=beta&t=NWUGvWjKj_YN8Hw3Ag6NA1hWEgtG8sNmluYWkRvT_EI","100","https://media.licdn.com/dms/image/v2/D4E0BAQEbiwjSY5_qmw/company-logo_400_400/B4EZyKWbTOIEAY-/0/1771847661149/iom_logo?e=1779926400&v=beta&t=8to41C9jvIKibOXEhszXOQL1PrJIqQdHgkEYV1gS7n0","OIM - ONU Migración","iom",,"1 yr 8 mos","Contract","Present",,"Perú","Consultor de enfoque informado en trauma para agentes especializados en delito de trata de personas",,,,,,,,,,,,,,,,,,,,,,"Oct","Oct 2024","2024",,"5109","5753",,"Soy psicólogo clínico y suicidólogo, creador de la psicoterapia trascendente relacional para riesgo suicida y duelo por suicidio. Además, soy investigador cualitativo y profesor universitario. He publicado dos libros sobre Suicidología e investigaciones acerca de ese tema. Soy el fundador y director de SENTIDO - Centro Peruano de Suicidología y Prevención del Suicidio."
"Ana","Gonzales-Huamán","https://www.linkedin.com/in/ana-gonzalesh","Psicóloga | Psicoterapeuta conductual-contextual | Psicoterapeuta-ACT | Analista conductual | Docente | Psico-Oncología | Duelo.",,,,,,,,,"PE","Peru","Peru","PE","Peru",,"Peru","true",,"false","https://media.licdn.com/dms/image/v2/D4E1BAQG93U2rbnZHcg/company-background_10000/company-background_10000/0/1712004040824/uma_universidad_mara_auxiliadora_cover?e=1779156000&v=beta&t=YFr051kISQTdceiYXMZd9JaKeHMNlZFDWGzWxHz65bE","400","https://media.licdn.com/dms/image/v2/D4E1BAQG93U2rbnZHcg/company-background_10000/company-background_10000/0/1712004040824/uma_universidad_mara_auxiliadora_cover?e=1779156000&v=beta&t=YFr051kISQTdceiYXMZd9JaKeHMNlZFDWGzWxHz65bE","1600","100","https://media.licdn.com/dms/image/v2/D4E1BAQG93U2rbnZHcg/company-background_400/company-background_400/0/1712004040824/uma_universidad_mara_auxiliadora_cover?e=1779156000&v=beta&t=kKme5ITcRSTR48-SW2NZ01qM2pU4632vxMgt4ANQOAM","400","50","https://media.licdn.com/dms/image/v2/D4E1BAQG93U2rbnZHcg/company-background_200/company-background_200/0/1712004040824/uma_universidad_mara_auxiliadora_cover?e=1779156000&v=beta&t=GZCaYRFQ7aK0hIUuzmrlSp-0eoDXFaylDFJzQT_9Onw","200","http://uma.edu.pe/","Somos la Universidad María Auxiliadora - UMA, somos una universidad LICENCIADA POR SUNEDU 🎓, tenemos 15 carreras profesionales que harán de ti un excelente profesional. Somos la primera universidad con inteligencia artificial en todas sus carreras profesionales.

📌Res. N° 143-2018-SUNEDU/CD
#UMALicenciada","143","200","51","3861",,,,"2011",,"11356385","Education > Higher Education","68","Higher Education","Higher Education","urn:li:fsd_industry:68","https://www.linkedin.com/jobs/search?geoId=92000000&f_C=11356385","https://www.linkedin.com/school/uma-universidad-mar%C3%ADa-auxiliadora/","Lima","PE",,"Lima","true","Av. Canto Bello 431 - SJL",,"Lima","Peru","PE","Peru",,"Lima","Lima, Peru","18","https://media.licdn.com/dms/image/v2/D4E0BAQG_e1gNIp75wQ/company-logo_400_400/company-logo_400_400/0/1711038710772/uma_universidad_mara_auxiliadora_logo?e=1779926400&v=beta&t=j_IfIy3ormHOS11_hRDB2VeW91BxJPaWXwJs7NtRXeM","400","https://media.licdn.com/dms/image/v2/D4E0BAQG_e1gNIp75wQ/company-logo_400_400/company-logo_400_400/0/1711038710772/uma_universidad_mara_auxiliadora_logo?e=1779926400&v=beta&t=j_IfIy3ormHOS11_hRDB2VeW91BxJPaWXwJs7NtRXeM","400","200","https://media.licdn.com/dms/image/v2/D4E0BAQG_e1gNIp75wQ/company-logo_200_200/company-logo_200_200/0/1711038710772/uma_universidad_mara_auxiliadora_logo?e=1779926400&v=beta&t=B5T8z7ffFR_OMJorqTBa4yZd1ePsfcYPAxLuzqF9HRE","200","100","https://media.licdn.com/dms/image/v2/D4E0BAQG_e1gNIp75wQ/company-logo_100_100/company-logo_100_100/0/1711038710772/uma_universidad_mara_auxiliadora_logo?e=1779926400&v=beta&t=ZjrGKPbhCQTUkLFfDk_VCtRnudCMzcz8lFCPnzi_E9Y","100","UMA - Universidad María Auxiliadora","SCHOOL","false",,,"+51 1 389-1212","Marketing","Administración de Negocios Internacionales","Farmacia y Bioquímica","Enfermería","Contabilidad y Finanzas","Nutrición y Diétetica","Psicología","Ingeniería de Inteligencia Artificial","Tecnología Médica en Terapia Física y Rehabilitación","Tecnología Médica en Laboratorio Clínico y Anatomía Patológica","MBA","Maestría en Salud Pública","Medicina Humana",,,,"Cambia Tu Historia","uma-universidad-maría-auxiliadora","http://uma.edu.pe/","11356385","https://www.linkedin.com/school/uma-universidad-mar%C3%ADa-auxiliadora/",,"400","https://media.licdn.com/dms/image/v2/D4E0BAQG_e1gNIp75wQ/company-logo_400_400/company-logo_400_400/0/1711038710772/uma_universidad_mara_auxiliadora_logo?e=1779926400&v=beta&t=j_IfIy3ormHOS11_hRDB2VeW91BxJPaWXwJs7NtRXeM","400","200","https://media.licdn.com/dms/image/v2/D4E0BAQG_e1gNIp75wQ/company-logo_200_200/company-logo_200_200/0/1711038710772/uma_universidad_mara_auxiliadora_logo?e=1779926400&v=beta&t=B5T8z7ffFR_OMJorqTBa4yZd1ePsfcYPAxLuzqF9HRE","200","100","https://media.licdn.com/dms/image/v2/D4E0BAQG_e1gNIp75wQ/company-logo_100_100/company-logo_100_100/0/1711038710772/uma_universidad_mara_auxiliadora_logo?e=1779926400&v=beta&t=ZjrGKPbhCQTUkLFfDk_VCtRnudCMzcz8lFCPnzi_E9Y","100","https://media.licdn.com/dms/image/v2/D4E0BAQG_e1gNIp75wQ/company-logo_400_400/company-logo_400_400/0/1711038710772/uma_universidad_mara_auxiliadora_logo?e=1779926400&v=beta&t=j_IfIy3ormHOS11_hRDB2VeW91BxJPaWXwJs7NtRXeM","UMA - Universidad María Auxiliadora","uma-universidad-maría-auxiliadora","Docente en la Segunda Especialidad en Psicología Clínica.
Curso: Intervención psicológica en contextos de enfermedad crónica.","3 mos",,"Present",,"Лима","Docente",,,,,,,,,,,,,,,,,,,,,,"Mar","Mar 2026","2026",,"1935","1959",,"Psicóloga colegiada y habilitada. Maestría en Psicología Clínica y de la Salud por la Universidad Nacional Mayor de San Marcos. Psicoterapeuta con entrenamiento en Terapias Conductuales Contextuales por la Universidad de Almería (España), con formación en Terapia de Aceptación y Compromiso - ACT por la Fundación FORO (Argentina), y en Psico-Oncología y Terapias Contextuales por CAPSIC (Argentina)."
"Diana Gabriela","Verona Ochoa","https://www.linkedin.com/in/diana-gabriela-verona-ochoa-1a9b55139","Licenciada en Psicología Clínica (CPsP 44915) | Psicoterapeuta Humanista Gestalt | Intervención psicoeducativa | Comunicación en salud mental",,"true",,"diana.verona@cpsplimaycallao.com.pe","false","60","risky","true","PE","Peru","Peru","PE","Peru",,"Peru","true",,"false",,,,,,,,,,,"http://www.cpsplimaycallao.com.pe/","Institución oficial de los profesionales psicólogos del Consejo Directivo Regional I Lima y Callao, velamos y potenciamos las capacidades de nuestros colegiados","23","50","11","394",,,,"1980",,"89195842","Consumer Services > Non-profit Organizations","100","Non-profit Organization Management","Non-profit Organizations","urn:li:fsd_industry:100","https://www.linkedin.com/jobs/search?geoId=92000000&f_C=89195842","https://www.linkedin.com/company/colegiodepsicologoslimaycallao/","Lima","PE","Sede Central","Lima","true","Av. San Felipe  555, Jesús María",,"Lima","Peru","PE","Peru",,"Lima","Lima, Peru",,"https://media.licdn.com/dms/image/v2/D4E0BAQFGYlx8SwSM-g/company-logo_400_400/company-logo_400_400/0/1665676968344?e=1779926400&v=beta&t=sb2TuVgOlwt8zuZepvBXMFXRWAtgaCYUq6rPz5hTiFc","400","https://media.licdn.com/dms/image/v2/D4E0BAQFGYlx8SwSM-g/company-logo_400_400/company-logo_400_400/0/1665676968344?e=1779926400&v=beta&t=sb2TuVgOlwt8zuZepvBXMFXRWAtgaCYUq6rPz5hTiFc","400","200","https://media.licdn.com/dms/image/v2/D4E0BAQFGYlx8SwSM-g/company-logo_200_200/company-logo_200_200/0/1665676968344?e=1779926400&v=beta&t=prW8tecZG23eHbZVAOqzbDAgnXDoK9X2HyGtCT4SYFM","200","100","https://media.licdn.com/dms/image/v2/D4E0BAQFGYlx8SwSM-g/company-logo_100_100/company-logo_100_100/0/1665676968344?e=1779926400&v=beta&t=em_PUQwml3ME87lSpxWjUsPDJ7nsCgXh-AanhhxLpNY","100","Colegio de Psicólogos CDR - I Lima y Callao - Oficial","COMPANY","false",,,,"psicología","psicologos",,,,,,,,,,,,,,,,"colegiodepsicologoslimaycallao","http://www.cpsplimaycallao.com.pe/","89195842","https://www.linkedin.com/company/colegiodepsicologoslimaycallao/",,"400","https://media.licdn.com/dms/image/v2/D4E0BAQFGYlx8SwSM-g/company-logo_400_400/company-logo_400_400/0/1665676968344?e=1779926400&v=beta&t=sb2TuVgOlwt8zuZepvBXMFXRWAtgaCYUq6rPz5hTiFc","400","200","https://media.licdn.com/dms/image/v2/D4E0BAQFGYlx8SwSM-g/company-logo_200_200/company-logo_200_200/0/1665676968344?e=1779926400&v=beta&t=prW8tecZG23eHbZVAOqzbDAgnXDoK9X2HyGtCT4SYFM","200","100","https://media.licdn.com/dms/image/v2/D4E0BAQFGYlx8SwSM-g/company-logo_100_100/company-logo_100_100/0/1665676968344?e=1779926400&v=beta&t=em_PUQwml3ME87lSpxWjUsPDJ7nsCgXh-AanhhxLpNY","100","https://media.licdn.com/dms/image/v2/D4E0BAQFGYlx8SwSM-g/company-logo_400_400/company-logo_400_400/0/1665676968344?e=1779926400&v=beta&t=sb2TuVgOlwt8zuZepvBXMFXRWAtgaCYUq6rPz5hTiFc","Colegio de Psicólogos CDR - I Lima y Callao - Oficial","colegiodepsicologoslimaycallao",,"4 yrs 3 mos",,"Present",,,"Colegiatura en Psicología",,,,,,,,,,,,,,,,,,,,,,"Mar","Mar 2022","2022",,"126","130",,"Psicóloga clínica. Psicoterapeuta Gestalt."
"Lic. Erika Valdivieso","- Psicóloga - Psicoterapeuta","https://www.linkedin.com/in/lic-erika-valdivieso-psicóloga-psicoterapeuta-6a612a22","Licenciada en Psicología con amplia experiencia en el tratamiento de problemas emocionales a través de los Modelos Cognitivo Conductual y Dialéctico Conductual, así como en Gestión por Competencias- Colegiatura Vigente",,"true",,"lic.psicologa@psicologiaparanadie.com","false","60","risky","true","PE","Peru","Peru","PE","Peru",,"Peru","true",,"false","https://media.licdn.com/dms/image/v2/D4E1BAQFLbtLuej2LcA/company-background_10000/company-background_10000/0/1655475939865/psicologa_para_nadie_cover?e=1779156000&v=beta&t=ETA6IJovaDaLcpEls20cnUsHn5qo2P579vTNUNx5pX4","396","https://media.licdn.com/dms/image/v2/D4E1BAQFLbtLuej2LcA/company-background_10000/company-background_10000/0/1655475939865/psicologa_para_nadie_cover?e=1779156000&v=beta&t=ETA6IJovaDaLcpEls20cnUsHn5qo2P579vTNUNx5pX4","1584","100","https://media.licdn.com/dms/image/v2/D4E1BAQFLbtLuej2LcA/company-background_400/company-background_400/0/1655475939865/psicologa_para_nadie_cover?e=1779156000&v=beta&t=29UMp4sFwCX1-tNh7sI5QoM-a3ZGq3VHG9oX-mjdePY","400","50","https://media.licdn.com/dms/image/v2/D4E1BAQFLbtLuej2LcA/company-background_200/company-background_200/0/1655475939865/psicologa_para_nadie_cover?e=1779156000&v=beta&t=NGe7ITuSrXrdQ82tCuPKTDNqqL-ab7eSO-6aFTjAisQ","200","https://psicologiaparanadie.com/","Somos un centro de salud mental y bienestar donde tenemos como propósito  brindar soluciones que te permitan tener un balance emocional. Contamos con profesionales calificados y especializados seremos tu soporte para transformar tu día a día.
","79","50","11","63",,,,"2019",,"86345879","Hospitals and Health Care > Medical Practices > Mental Health Care","139","Mental Health Care","Mental Health Care","urn:li:fsd_industry:139","https://www.linkedin.com/jobs/search?geoId=92000000&f_C=86345879","https://www.linkedin.com/company/psicolog%C3%ADa-para-nadie/","Lima","PE","Sede","Lima","true",,,"Lima","Peru","PE","Peru",,"Lima","Lima, Peru",,"https://media.licdn.com/dms/image/v2/C4E0BAQFIwhoEK8adkA/company-logo_400_400/company-logo_400_400/0/1655476346428/psicologa_para_nadie_logo?e=1779926400&v=beta&t=eK94_l17kpTlv0QTfdeyM5tR2PrRHRjo9TMYpD-91wU","400","https://media.licdn.com/dms/image/v2/C4E0BAQFIwhoEK8adkA/company-logo_400_400/company-logo_400_400/0/1655476346428/psicologa_para_nadie_logo?e=1779926400&v=beta&t=eK94_l17kpTlv0QTfdeyM5tR2PrRHRjo9TMYpD-91wU","400","200","https://media.licdn.com/dms/image/v2/C4E0BAQFIwhoEK8adkA/company-logo_200_200/company-logo_200_200/0/1655476346428/psicologa_para_nadie_logo?e=1779926400&v=beta&t=rxuJKCSmUgqskszP-Ex-Zkcsx7cHOQYr7urqY5OtZ20","200","100","https://media.licdn.com/dms/image/v2/C4E0BAQFIwhoEK8adkA/company-logo_100_100/company-logo_100_100/0/1655476346428/psicologa_para_nadie_logo?e=1779926400&v=beta&t=N8b8sA0JBl6sYM6hs-q3cXJa1Cn1Q-l68HWXMj8opCA","100","Psicología Para Nadie","COMPANY","false",,,,,,,,,,,,,,,,,,,,"Somos un centro de salud mental. Tenemos como propósito  brindar soluciones que te permitan tener un balance emocional","psicología-para-nadie","https://psicologiaparanadie.com/","86345879","https://www.linkedin.com/company/psicolog%C3%ADa-para-nadie/",,"400","https://media.licdn.com/dms/image/v2/C4E0BAQFIwhoEK8adkA/company-logo_400_400/company-logo_400_400/0/1655476346428/psicologa_para_nadie_logo?e=1779926400&v=beta&t=eK94_l17kpTlv0QTfdeyM5tR2PrRHRjo9TMYpD-91wU","400","200","https://media.licdn.com/dms/image/v2/C4E0BAQFIwhoEK8adkA/company-logo_200_200/company-logo_200_200/0/1655476346428/psicologa_para_nadie_logo?e=1779926400&v=beta&t=rxuJKCSmUgqskszP-Ex-Zkcsx7cHOQYr7urqY5OtZ20","200","100","https://media.licdn.com/dms/image/v2/C4E0BAQFIwhoEK8adkA/company-logo_100_100/company-logo_100_100/0/1655476346428/psicologa_para_nadie_logo?e=1779926400&v=beta&t=N8b8sA0JBl6sYM6hs-q3cXJa1Cn1Q-l68HWXMj8opCA","100","https://media.licdn.com/dms/image/v2/C4E0BAQFIwhoEK8adkA/company-logo_400_400/company-logo_400_400/0/1655476346428/psicologa_para_nadie_logo?e=1779926400&v=beta&t=eK94_l17kpTlv0QTfdeyM5tR2PrRHRjo9TMYpD-91wU","Psicología Para Nadie","psicología-para-nadie","Terapia individual y de pareja. Atención a jóvenes y adultos a través de TCC y DBT, evaluaciones clínicas","1 yr 5 mos","Freelance","Present",,"Lima, Lima, Perú","Psicoterapeuta",,"Consejería",,,,,,,,,,,,,,,,,,,,"Jan","Jan 2025","2025",,"854","905",,"Licenciada en Psicología con amplia experiencia en el tratamiento de problemas emocionales y de conducta a través de los  Modelos Cognitivo Conductual y Dialéctico Conductual, así como en Gestión por Competencias- Colegiatura Vigente

Especialidades: Especialidad en Psicoterapia Cognitivo Conductual, Formación en Terapia Dialéctica Conductual, Diplomado en Gestión del Talento, Especialidad en Selección de Personal, Especialidad en Entrevista por Competencias."
"Sinthia","Calle Ramos","https://www.linkedin.com/in/sinthia-calle-ramos-0691a965","Psicóloga Clínica | Psicóloga Ocupacional | Gestora de Programas de Salud Mental para empresas | Especialista en Psicología de Emergencias",,"true",,"sinthia.calle@clinicadeltrabajador.com.pe","false","60","risky","true","PE","Peru","Peru","PE","Peru",,"Peru","true",,"false","https://media.licdn.com/dms/image/v2/D4E1BAQGAF0mwl9Vf0Q/company-background_10000/company-background_10000/0/1696438377689/cl_nica_del_trabajador_sac_cover?e=1779156000&v=beta&t=0sZM_SqgQrgxy_6tiWaLyVK5FDPb5DsF08DB_MWQp3E","1651","https://media.licdn.com/dms/image/v2/D4E1BAQGAF0mwl9Vf0Q/company-background_10000/company-background_10000/0/1696438377689/cl_nica_del_trabajador_sac_cover?e=1779156000&v=beta&t=0sZM_SqgQrgxy_6tiWaLyVK5FDPb5DsF08DB_MWQp3E","6601","100","https://media.licdn.com/dms/image/v2/D4E1BAQGAF0mwl9Vf0Q/company-background_400/company-background_400/0/1696438377690/cl_nica_del_trabajador_sac_cover?e=1779156000&v=beta&t=xWuSMoeg2oN6_PHQL_W7NTZQy7UQLfqg1FJQXHqifVo","400","50","https://media.licdn.com/dms/image/v2/D4E1BAQGAF0mwl9Vf0Q/company-background_200/company-background_200/0/1696438377690/cl_nica_del_trabajador_sac_cover?e=1779156000&v=beta&t=YRNj9jAdGYhlxayVeUrYBMt7TNSROupXP3YqwB0ZUA0","200","http://www.clinicadeltrabajador.com.pe","Somos un grupo especializado en promover una cultura de prevención y administración de la seguridad y salud en las organizaciones, a través de orientación en los peligros y riesgos, así como la gestión de contingencias laborales, como soporte para la productividad de los trabajadores y exitosos resultados para las empresas.

“Ayudamos a las empresas a tomar decisiones eficientes en materia de seguridad, salud y productividad laboral”.

Central Telefónica: 463 2557 | 463 2639
Contacto Comercial: 
comercial@clinicadeltrabajador.com.pe
📲 https://wa.me/51939488325
📱 980041029
📱 999025790

www.clinicadeltrabajador.com.pe","165","200","51","3995",,,,"2006",,"1387820","Entertainment Providers > Recreational Facilities > Wellness and Fitness Services","124","Health, Wellness & Fitness","Wellness and Fitness Services","urn:li:fsd_industry:124","https://www.linkedin.com/jobs/search?geoId=92000000&f_C=1387820","https://www.linkedin.com/company/cl-nica-del-trabajador-sac/","Lima","PE",,,"false","Av. Faustino Sanchez Carrión 740- Magdalena",,"Lima","Peru","PE","Peru",,"Lima","Lima, Peru",,"https://media.licdn.com/dms/image/v2/C4E0BAQHE1OqdOnSS0g/company-logo_400_400/company-logo_400_400/0/1630620771579?e=1779926400&v=beta&t=mPYbNvKWcG00NDnzw8-6S1GM4perrbGJOU6Jzq1Mp20","400","https://media.licdn.com/dms/image/v2/C4E0BAQHE1OqdOnSS0g/company-logo_400_400/company-logo_400_400/0/1630620771579?e=1779926400&v=beta&t=mPYbNvKWcG00NDnzw8-6S1GM4perrbGJOU6Jzq1Mp20","400","200","https://media.licdn.com/dms/image/v2/C4E0BAQHE1OqdOnSS0g/company-logo_200_200/company-logo_200_200/0/1630620771579?e=1779926400&v=beta&t=5VO4ochxuXTXauZrn17gw8yyjjVnUyy7aI_7hpqMPg4","200","100","https://media.licdn.com/dms/image/v2/C4E0BAQHE1OqdOnSS0g/company-logo_100_100/company-logo_100_100/0/1630620771579?e=1779926400&v=beta&t=3Q5j36NOo5nVOlw0F1N-Srudw38aBDVbAYXdWuIQbyo","100","Clínica del Trabajador","COMPANY","false",,,"014632557","Salud Ocupacional","Seguridad e Higiene Industrial","Psicosociología","Ergonomía","Laboratorio Clínico","Inmunización","Sistemas de Gestión de SST","Discapacidad","Invalidez","Incapacidad Laboral","Higiene Industrial","Seguridad ocupacional",,,,,"Somos un Grupo Especializado en Seguridad, Salud y Productividad Laboral","cl-nica-del-trabajador-sac","http://www.clinicadeltrabajador.com.pe","1387820","https://www.linkedin.com/company/cl-nica-del-trabajador-sac/",,"400","https://media.licdn.com/dms/image/v2/C4E0BAQHE1OqdOnSS0g/company-logo_400_400/company-logo_400_400/0/1630620771579?e=1779926400&v=beta&t=mPYbNvKWcG00NDnzw8-6S1GM4perrbGJOU6Jzq1Mp20","400","200","https://media.licdn.com/dms/image/v2/C4E0BAQHE1OqdOnSS0g/company-logo_200_200/company-logo_200_200/0/1630620771579?e=1779926400&v=beta&t=5VO4ochxuXTXauZrn17gw8yyjjVnUyy7aI_7hpqMPg4","200","100","https://media.licdn.com/dms/image/v2/C4E0BAQHE1OqdOnSS0g/company-logo_100_100/company-logo_100_100/0/1630620771579?e=1779926400&v=beta&t=3Q5j36NOo5nVOlw0F1N-Srudw38aBDVbAYXdWuIQbyo","100","https://media.licdn.com/dms/image/v2/C4E0BAQHE1OqdOnSS0g/company-logo_400_400/company-logo_400_400/0/1630620771579?e=1779926400&v=beta&t=mPYbNvKWcG00NDnzw8-6S1GM4perrbGJOU6Jzq1Mp20","Clínica del Trabajador","cl-nica-del-trabajador-sac","Como gestora de programas de salud mental con experiencia en asesorar a empresas en el diseño y aplicación de planes de bienestar emocional para sus trabajadores, he podido contribuir en generar cultura en salud mental en los grupos sociales.

A lo largo de mi carrera, he trabajado con diversas empresas, comprendiendo sus necesidades únicas y adaptando estrategias para fomentar un ambiente de trabajo más positivo y propicio para la salud mental. Mi enfoque proactivo se basa en una combinación de investigación y empatía, lo que me permite identificar los factores estresantes específicos que afectan a los empleados y desarrollar planes personalizados que aborden estas preocupaciones.

Me enorgullece decir que he sido capaz de implementar programas que no solo promueven la salud mental, sino que también mejoran el compromiso de los empleados y su rendimiento en general. Desde talleres y seminarios hasta recursos en línea y sesiones individuales, he colaborado con equipos para ofrecer una variedad de herramientas que fomentan la resiliencia y la capacidad de afrontamiento en el entorno laboral.","3 yrs 7 mos","Freelance","Present",,"Cal. Enrique Leon Garcia Urb. Santa Catalina. Lima","Gestora de Programas de Salud Mental",,"Liderazgo de equipos","planes de salud mental",,,,,,,,,,,,,,,,,,,"Nov","Nov 2022","2022","Hybrid","406","471","Terapias cognitivo-conductuales • Mindfulness • Organizational Development","En la actualidad los servicios de salud han multiplicado sus modalidades de oferta de servicios. Por ende, en el ámbito de la salud mental se vienen brindando servicios de telemedicina y programas integrales de salud mental. Mi actual experiencia profesional abarca tanto el enfoque interventivo en la Terapia Psicológica Clínica, y me desempeño como Psicoterapeuta Cognitivo Conductual. También desde un enfoque preventivo a través de la Psicología Ocupacional en las evaluaciones psicológicas ocupacionales, asesoro empresas en casos de EMO, seguimiento psicológico de casos y aptitud de trabajadores. Otro enfoque también de salud mental es la promoción de conductas saludables en el ambiente laboral con programas de salud mental. En todos esos ámbitos desempeño mi experiencia laboral, y asesoro tanto a pacientes con consultas particulares, y también con consultorías a empresas sobre programas integrales de salud mental."
"Fritz","Sarmiento Chia","https://www.linkedin.com/in/fritz-sarmiento-psicologo","Psicoterapeuta Cognitivo - Conductual.
Miembro de las asociaciones ALAMOC y ALTOC.
Docente universitario de pregrado.",,,,,,,,,"PE","Peru","Peru","PE","Peru",,"Peru","true",,"false","https://media.licdn.com/dms/image/v2/D4E1BAQFjrsZOgxMftA/company-background_10000/B4EZ2sMB6BIoAU-/0/1776710328689/universidad_peruana_de_ciencias_aplicadas_cover?e=1779156000&v=beta&t=KMBCZLxNa8eE8uoPRRdMatCZYhFw-AiAAp4OOS1ac30","191","https://media.licdn.com/dms/image/v2/D4E1BAQFjrsZOgxMftA/company-background_10000/B4EZ2sMB6BIoAU-/0/1776710328689/universidad_peruana_de_ciencias_aplicadas_cover?e=1779156000&v=beta&t=KMBCZLxNa8eE8uoPRRdMatCZYhFw-AiAAp4OOS1ac30","1128","67","https://media.licdn.com/dms/image/v2/D4E1BAQFjrsZOgxMftA/company-background_400/B4EZ2sMB6BIoAY-/0/1776710328689/universidad_peruana_de_ciencias_aplicadas_cover?e=1779156000&v=beta&t=XtHeRYT4WmtI3J_yyNCbuvoEnDOQgLJy6nuyFYhEOQk","400","33","https://media.licdn.com/dms/image/v2/D4E1BAQFjrsZOgxMftA/company-background_200/B4EZ2sMB6BIoAc-/0/1776710328689/universidad_peruana_de_ciencias_aplicadas_cover?e=1779156000&v=beta&t=Tq2whG3B3NmZkBXFnDBPcwQcaHUEHccSVJv3dBDxkaE","200","https://www.upc.edu.pe/nosotros/nuestro-compromiso/","La Universidad Peruana de Ciencias Aplicadas (UPC) nació en 1994 como una institución basada en la creatividad e innovación que forme a los futuros protagonistas del cambio. 

Hoy es la primera universidad global del Perú y cuenta con 35 carreras enmarcadas en las facultades de Administración en Hotelería y Turismo, Arquitectura, Artes Contemporáneas, Ciencias de la Salud, Ciencias Humanas, Comunicaciones, Derecho, Diseño, Economía, Negocios e Ingeniería dictadas en sus 3 campus universitarios: Monterrico, San Isidro y Villa.

La UPC educa, investiga y promueve el conocimiento, la cultura y el desarrollo. Sus funciones las cumple con calidad, modernidad, eficiencia y competitividad a nivel internacional.","8251","5000","1001","380610",,,,"1994",,"398719","Education > Higher Education","68","Higher Education","Higher Education","urn:li:fsd_industry:68","https://www.linkedin.com/jobs/search?geoId=92000000&f_C=398719","https://www.linkedin.com/school/universidad-peruana-de-ciencias-aplicadas/","Lima","PE",,,"true","Campus Monterrico (Santiago de Surco): Prolongación Primavera 2390.","Campus Villa (Chorrillos): Av. Alameda San Marcos cuadra 2.","Lima","Peru","PE","Peru",,"Lima","Lima, Peru",,"https://media.licdn.com/dms/image/v2/C4E0BAQFTfUxRciPklw/company-logo_400_400/company-logo_400_400/0/1659454668561/universidad_peruana_de_ciencias_aplicadas_logo?e=1779926400&v=beta&t=0G2-7h9BHb_-1iIuHryhfSsMtMlAkf9NdE6H9ECizy4","400","https://media.licdn.com/dms/image/v2/C4E0BAQFTfUxRciPklw/company-logo_400_400/company-logo_400_400/0/1659454668561/universidad_peruana_de_ciencias_aplicadas_logo?e=1779926400&v=beta&t=0G2-7h9BHb_-1iIuHryhfSsMtMlAkf9NdE6H9ECizy4","400","200","https://media.licdn.com/dms/image/v2/C4E0BAQFTfUxRciPklw/company-logo_200_200/company-logo_200_200/0/1659454668561/universidad_peruana_de_ciencias_aplicadas_logo?e=1779926400&v=beta&t=t3ZhvcpURlPRZ31fm4BvLSgvCPjE0Fe9g5IPVdVBYDM","200","100","https://media.licdn.com/dms/image/v2/C4E0BAQFTfUxRciPklw/company-logo_100_100/company-logo_100_100/0/1659454668561/universidad_peruana_de_ciencias_aplicadas_logo?e=1779926400&v=beta&t=wdatXzfKpyFhxFmYtciuqyW1rtlAyID0GV8ENePQzYg","100","Universidad Peruana de Ciencias Aplicadas","SCHOOL","true",,,"","Educación Superior","Universidad","Innovación","Creatividad","Exigencia","Internacionalidad","Investigación","Proyección al futuro",,,,,,,,,"Exígete. Innova.","universidad-peruana-de-ciencias-aplicadas","http://www.upc.edu.pe/","398719","https://www.linkedin.com/school/universidad-peruana-de-ciencias-aplicadas/",,"400","https://media.licdn.com/dms/image/v2/C4E0BAQFTfUxRciPklw/company-logo_400_400/company-logo_400_400/0/1659454668561/universidad_peruana_de_ciencias_aplicadas_logo?e=1779926400&v=beta&t=0G2-7h9BHb_-1iIuHryhfSsMtMlAkf9NdE6H9ECizy4","400","200","https://media.licdn.com/dms/image/v2/C4E0BAQFTfUxRciPklw/company-logo_200_200/company-logo_200_200/0/1659454668561/universidad_peruana_de_ciencias_aplicadas_logo?e=1779926400&v=beta&t=t3ZhvcpURlPRZ31fm4BvLSgvCPjE0Fe9g5IPVdVBYDM","200","100","https://media.licdn.com/dms/image/v2/C4E0BAQFTfUxRciPklw/company-logo_100_100/company-logo_100_100/0/1659454668561/universidad_peruana_de_ciencias_aplicadas_logo?e=1779926400&v=beta&t=wdatXzfKpyFhxFmYtciuqyW1rtlAyID0GV8ENePQzYg","100","https://media.licdn.com/dms/image/v2/C4E0BAQFTfUxRciPklw/company-logo_400_400/company-logo_400_400/0/1659454668561/universidad_peruana_de_ciencias_aplicadas_logo?e=1779926400&v=beta&t=0G2-7h9BHb_-1iIuHryhfSsMtMlAkf9NdE6H9ECizy4","Universidad Peruana de Ciencias Aplicadas","universidad-peruana-de-ciencias-aplicadas","Atención en psicoterapia y supervisión de internos de psicología.","4 yrs 8 mos","Part-time","Present",,"Lima, Peru","Psicoterapeuta",,,,,,,,,,,,,,,,,,,,,,"Oct","Oct 2021","2021",,"218","243",,"Capacitado para poder realizar talleres de integración, trabajo en equipo, manejo de habilidades sociales y potencial el desempeño grupal en jóvenes y adultos. También poseo la capacidad de pensar críticamente, trabajar bajo presión, fomentar soluciones creativas y trabajar en equipo. En el ámbito clínico, tengo la capacidad de hacer evaluaciones, diagnósticos y acompañamiento terapéutico."
"Micaella","De Casanova","https://www.linkedin.com/in/micaelladecasanova","Licenciada en Psicología por la Universidad Peruana Cayetano Heredia C.Ps.P. N° 60993
Psicoterapeuta TREC y TCC miembro de la IAREBT
Diplomada en Arte Terapia",,,,,,,,,"PE","Peru","Peru","PE","Peru",,"Peru",,,,,,,,,,,,,,,,,,,,,,,,,,,,,,,,,,,,,,,,,,,,,,,,,,,,,,,,,,,,,,,,,,,,,,,,,,,,,,,,,,,,"https://www.linkedin.com/search/results/all/?keywords=Profesional+independiente",,,,,,,,,,,,"Freelance",,,"1 yr 3 mos",,"Present",,,"Psicóloga Psicoterapeuta",,"Psicología","Psicoterapia TREC y TCC",,,,,,,,,,,,,,,,,,,"Mar","Mar 2025","2025",,"284","330",,
"Karina","Castro Rubina","https://www.linkedin.com/in/karina-castro-rubina-32622674","Psicóloga│Especialista en Bienestar Emocional y Mental en Organizaciones │Desarrollo de Programas de Bienestar Laboral, Autocuidado, Reconocimiento, Factores de Riesgo Psicosociales│Menthal Heath",,,,,,,,,"PE","Peru","Peru","PE","Peru",,"Peru",,,,,,,,,,,,,,,,,,,,,,,,,,,,,,,,,,,,,,,,,,,,,,,,,,,,,,,,,,,,,,,,,,,,,,,,,,,,,,,,,,,,"https://www.linkedin.com/search/results/all/?keywords=PSICOVIDAMUJER",,,,,,,,,,,,"PSICOVIDAMUJER",,"• Atención psicoterapéutica con enfoques Gestalt, Cognitivo- Conductual y Dialéctico Conductual, adaptados a las necesidades de cada paciente.
• Diseño de planes terapéuticos personalizados para fortalecer la gestión emocional, las habilidades y bienestar emocional y mental de cada uno de las personas.
• Recopilación de información sobre los pacientes mediante entrevistas y observaciones.
• Aplicación de técnicas de consejería y orientación para el manejo de estrés, ansiedad, conflictos personales (familia, pareja, personal, laboral)
• Elaboración de un historial sobre las problemáticas y los progresos del paciente.","6 yrs 5 mos","Self-employed","Present",,"Lima, Peru","Psicoterapeuta",,"EMPATIA","Terapia Gestalt","Terapia de pareja","Terapia individual","Terapias cognitivo-conductuales",,,,,,,,,,,,,,,,"Jan","Jan 2020","2020","Hybrid","11340","11786",,"Psicóloga – Psicoterapeuta con amplia experiencia a nivel individual y laboral en salud mental, bienestar emocional, laboral y en el desarrollo Organizacional. Especialista en la creación e implementación de programas que promuevan el reconocimiento, autocuidado, prevención del estrés y fortalecimiento del bienestar laboral. Integro la psicología clínica con la psicología organizacional, lo que me ayuda a que pueda atender las necesidades individuales como colectivas del colaborador, buscando fortalecer su equilibrio emocional y potenciando la productividad de la organización.

Experiencia en la gestión de riesgos psicosociales, acompañamiento del colaborador a todo nivel y diseño de programas y estrategias para el reconocimiento y bienestar de la personal."
"Angélica","Esquivias Astete","https://www.linkedin.com/in/aea-76879928","Psicóloga - Consultora de Bienestar - Psicoterapeuta",,,,,,,,,"PE","Peru","Peru","PE","Peru",,"Peru","true",,"false","https://media.licdn.com/dms/image/v2/C4E1BAQFCCtIo9wf1Fg/company-background_10000/company-background_10000/0/1607377047638/colegio_villa_mara_la_planicie_cover?e=1779156000&v=beta&t=VOWwycZ2s-iF4AMY3zamgd71uga9Xeq8jIZieZ-2l2U","1080","https://media.licdn.com/dms/image/v2/C4E1BAQFCCtIo9wf1Fg/company-background_10000/company-background_10000/0/1607377047638/colegio_villa_mara_la_planicie_cover?e=1779156000&v=beta&t=VOWwycZ2s-iF4AMY3zamgd71uga9Xeq8jIZieZ-2l2U","4762","90","https://media.licdn.com/dms/image/v2/C4E1BAQFCCtIo9wf1Fg/company-background_400/company-background_400/0/1607377047638/colegio_villa_mara_la_planicie_cover?e=1779156000&v=beta&t=j9aVB50ueTvVcm9B7flS7hpoCfKfvObJDRyeVq2ZGh4","400","45","https://media.licdn.com/dms/image/v2/C4E1BAQFCCtIo9wf1Fg/company-background_200/company-background_200/0/1607377047638/colegio_villa_mara_la_planicie_cover?e=1779156000&v=beta&t=dIlsYy_wCFup7ze8Wemb6b_uIDyuS3_4ztENc6IBetw","200","http://www.villamaria.edu.pe","Formamos líderes católicas empoderadas que construyen un mundo sostenible y solidario","412","200","51","6880",,,,,,"73917525","Education > Primary and Secondary Education","67","Primary/Secondary Education","Primary and Secondary Education","urn:li:fsd_industry:67","https://www.linkedin.com/jobs/search?geoId=92000000&f_C=73917525","https://www.linkedin.com/company/colegio-villamaria/","Lima","PE","La Planicie","Lima","true","15026","Av. La Laguna 280 La Planicie La Molina","Lima","Peru","PE","Peru",,"Lima","Lima, Peru","15026","https://media.licdn.com/dms/image/v2/D560BAQHhn0Ri30TxgQ/company-logo_400_400/company-logo_400_400/0/1701703921914/colegio_villamaria_logo?e=1779926400&v=beta&t=1S_JjgN7pAIZ4T-64DGCoNP3zlnRL3aK4ePK-MvpP60","400","https://media.licdn.com/dms/image/v2/D560BAQHhn0Ri30TxgQ/company-logo_400_400/company-logo_400_400/0/1701703921914/colegio_villamaria_logo?e=1779926400&v=beta&t=1S_JjgN7pAIZ4T-64DGCoNP3zlnRL3aK4ePK-MvpP60","400","200","https://media.licdn.com/dms/image/v2/D560BAQHhn0Ri30TxgQ/company-logo_200_200/company-logo_200_200/0/1701703921914/colegio_villamaria_logo?e=1779926400&v=beta&t=UknfLbC-5U0R0uhOdCcCrnjYp3Up-B75Y_Pn_3v47ME","200","100","https://media.licdn.com/dms/image/v2/D560BAQHhn0Ri30TxgQ/company-logo_100_100/company-logo_100_100/0/1701703921914/colegio_villamaria_logo?e=1779926400&v=beta&t=UOFc60sMFNkgHFugve-H_YhOdMUvpkBuJzyCk_KpsI0","100","Colegio Villa María","COMPANY","false",,,"947316465",,,,,,,,,,,,,,,,,"Valores y educación de calidad para las líderes del futuro.","colegio-villamaria","http://www.villamaria.edu.pe","73917525","https://www.linkedin.com/company/colegio-villamaria/",,"400","https://media.licdn.com/dms/image/v2/D560BAQHhn0Ri30TxgQ/company-logo_400_400/company-logo_400_400/0/1701703921914/colegio_villamaria_logo?e=1779926400&v=beta&t=1S_JjgN7pAIZ4T-64DGCoNP3zlnRL3aK4ePK-MvpP60","400","200","https://media.licdn.com/dms/image/v2/D560BAQHhn0Ri30TxgQ/company-logo_200_200/company-logo_200_200/0/1701703921914/colegio_villamaria_logo?e=1779926400&v=beta&t=UknfLbC-5U0R0uhOdCcCrnjYp3Up-B75Y_Pn_3v47ME","200","100","https://media.licdn.com/dms/image/v2/D560BAQHhn0Ri30TxgQ/company-logo_100_100/company-logo_100_100/0/1701703921914/colegio_villamaria_logo?e=1779926400&v=beta&t=UOFc60sMFNkgHFugve-H_YhOdMUvpkBuJzyCk_KpsI0","100","https://media.licdn.com/dms/image/v2/D560BAQHhn0Ri30TxgQ/company-logo_400_400/company-logo_400_400/0/1701703921914/colegio_villamaria_logo?e=1779926400&v=beta&t=1S_JjgN7pAIZ4T-64DGCoNP3zlnRL3aK4ePK-MvpP60","Colegio Villa María","colegio-villamaria",,"2 yrs 4 mos",,"Present",,"La Molina, Peru","Psicóloga",,,,,,,,,,,,,,,,,,,,,,"Feb","Feb 2024","2024",,"285","285",,
"Karla","Garcia Gonzales","https://www.linkedin.com/in/pskarlagarciagonzales","IT Recruiter👩‍💻 | Headhunter🎯 | Talent Acquisition👥 | Psicóloga y Psicoterapeuta CPSP° 70451 | Salud Mental🫂",,,,,,,,,"PE","Peru","Peru","PE","Peru",,"Peru","true",,"false","https://media.licdn.com/dms/image/v2/D4D1BAQFh2NC6f-NDoA/company-background_10000/company-background_10000/0/1657428024316/aynitechgroup_cover?e=1779156000&v=beta&t=CquWNKO7NcJRVivhDEQUS-kHTZIM2ZMZz0-vm9I777k","396","https://media.licdn.com/dms/image/v2/D4D1BAQFh2NC6f-NDoA/company-background_10000/company-background_10000/0/1657428024316/aynitechgroup_cover?e=1779156000&v=beta&t=CquWNKO7NcJRVivhDEQUS-kHTZIM2ZMZz0-vm9I777k","1584","100","https://media.licdn.com/dms/image/v2/D4D1BAQFh2NC6f-NDoA/company-background_400/company-background_400/0/1657428024316/aynitechgroup_cover?e=1779156000&v=beta&t=5ansnQG64u5HxkB58ZZ9BGH-8TemK5_nWmArvYRwKMQ","400","50","https://media.licdn.com/dms/image/v2/D4D1BAQFh2NC6f-NDoA/company-background_200/company-background_200/0/1657428024316/aynitechgroup_cover?e=1779156000&v=beta&t=fstxbubV2dKKqK3nv88MVzIp-toON4i5EbQ9cBns9K0","200","http://www.aynitech.com","We are the parent company of five subsidiaries, all dedicated to driving digital transformation through analytics and technology:
1. T&T: A SaaS company offering a cloud-based 'Smart Decisions Support Platform'.
2. AYNITECH FACTORY: Whether you need skilled resources, a project, or a full product solution, our Factories help you achieve your tech goals.
3. IsocialCube: A SaaS platform that serves as your AI-powered digital marketing team in the cloud.
4. ANALYTIKS LAB: Providing advanced AI, Data Science and Big Data solutions.
5. KRIPTOME: Specializing in comprehensive cybersecurity services.","187","500","201","13446",,,,"2012",,"2590350","Professional Services > IT Services and IT Consulting","96","Information Technology & Services","IT Services and IT Consulting","urn:li:fsd_industry:96","https://www.linkedin.com/jobs/search?geoId=92000000&f_C=2590350","https://www.linkedin.com/company/aynitechgroup/","Lima","PE",,"Lima","false","Av. Benavides 1238 Of. 301 Miraflores",,"Lima","Peru","PE","Peru",,"Lima","Lima, Peru","15046","https://media.licdn.com/dms/image/v2/C4E0BAQHYfe5rdw0S_g/company-logo_400_400/company-logo_400_400/0/1630630797539/aynitech_logo?e=1779926400&v=beta&t=ADVlzjVqprv4OPC2WVsimNL7jE4z_y2ilcbVMZqD66k","400","https://media.licdn.com/dms/image/v2/C4E0BAQHYfe5rdw0S_g/company-logo_400_400/company-logo_400_400/0/1630630797539/aynitech_logo?e=1779926400&v=beta&t=ADVlzjVqprv4OPC2WVsimNL7jE4z_y2ilcbVMZqD66k","400","200","https://media.licdn.com/dms/image/v2/C4E0BAQHYfe5rdw0S_g/company-logo_200_200/company-logo_200_200/0/1630630797539/aynitech_logo?e=1779926400&v=beta&t=8vpJ6VbA1JM4UWvExbB5xvFqsPxZ2aFQduxpkQc0w14","200","100","https://media.licdn.com/dms/image/v2/C4E0BAQHYfe5rdw0S_g/company-logo_100_100/company-logo_100_100/0/1630630797539/aynitech_logo?e=1779926400&v=beta&t=H9j3DQg8NVeIOryeuegKFkQ4TqSRToEUrXy0TFr1jys","100","AYNITECH GROUP","COMPANY","false",,,,"Business Analytics","Business Intelligence","Engineering BPO (Business Process Management)","Predictive Analytics","Artificial Intelligence","Datawarehousing","AWS","Legaltech",,,,,,,,,"Driving your Company's roadmap through analytics and efficiency","aynitechgroup","http://www.aynitech.com/","2590350","https://www.linkedin.com/company/aynitechgroup/",,"400","https://media.licdn.com/dms/image/v2/C4E0BAQHYfe5rdw0S_g/company-logo_400_400/company-logo_400_400/0/1630630797539/aynitech_logo?e=1779926400&v=beta&t=ADVlzjVqprv4OPC2WVsimNL7jE4z_y2ilcbVMZqD66k","400","200","https://media.licdn.com/dms/image/v2/C4E0BAQHYfe5rdw0S_g/company-logo_200_200/company-logo_200_200/0/1630630797539/aynitech_logo?e=1779926400&v=beta&t=8vpJ6VbA1JM4UWvExbB5xvFqsPxZ2aFQduxpkQc0w14","200","100","https://media.licdn.com/dms/image/v2/C4E0BAQHYfe5rdw0S_g/company-logo_100_100/company-logo_100_100/0/1630630797539/aynitech_logo?e=1779926400&v=beta&t=H9j3DQg8NVeIOryeuegKFkQ4TqSRToEUrXy0TFr1jys","100","https://media.licdn.com/dms/image/v2/C4E0BAQHYfe5rdw0S_g/company-logo_400_400/company-logo_400_400/0/1630630797539/aynitech_logo?e=1779926400&v=beta&t=ADVlzjVqprv4OPC2WVsimNL7jE4z_y2ilcbVMZqD66k","AYNITECH GROUP","aynitechgroup","-Liderar procesos de selección de perfiles TI end-to-end (detección de necesidad, publicación, entrevistas, oferta).
-Realizar búsqueda activa y headhunting de talento especializado (Devs, QA, DevOps, Cybersecurity, Customer Service, etc.).
-Coordinar el proceso de ingreso y onboarding del nuevo talento.
-Coordinar y realizar sesiones de inducción inicial para nuevos colaboradores.
-Elaborar y emitir informes psicolaborales como parte del proceso de evaluación integral.
-Coordinar y dar soporte en procesos de evaluación de desempeño por áreas.
-Diseñar y ejecutar programas de reclutamiento interno y referidos para potenciar el aprovechamiento del talento interno.","3 yrs 9 mos","Full-time","Present","4c697d1803d1d8dc7e7642a3c534aa23c2e82a84","Lima, Peru","Talent Acquisition Analyst",,,,,,,,,,,,,,,,,,,,,,"Sep","Sep 2022","2022","Hybrid","3596","3950","Terapia psicológica • Evaluaciones psicológicas • Selección de personal • Headhunting","Licenciada en Psicología por la Universidad Peruana Cayetano Heredia, con enfoque clínico y organizacional. Cuento con experiencia como psicoterapeuta brindando acompañamiento emocional y psicoterapia individual a adultos, promoviendo su bienestar y desarrollo personal. Actualmente, me encuentro cursando la Segunda Especialidad en Psicología Clínica y de la Salud en la Universidad Nacional Mayor de San Marcos, fortaleciendo mis conocimientos y habilidades para una atención integral y basada en evidencia.

Paralelamente, me desempeño como IT Recruiter y Talent Acquisition analyst, con experiencia en headhunting de perfiles tecnológicos para empresas locales e internacionales.

Apasionada en promover el bienestar integral, busco generar impacto positivo tanto en entornos terapéuticos como corporativos, impulsando procesos que promuevan el bienestar, la eficiencia y el crecimiento personal y profesional desde una mirada humana."
"Eri Nicole","Higa Kobashigawa","https://www.linkedin.com/in/psiconico","Personal Development | Psychotherapist | Entrepreneur",,,,,,,,,"PE","Peru","Peru","PE","Peru",,"Peru","true",,"false",,,,,,,,,,,"https://tienda.mikimatcha.com/","Ofrecemos la mejor calidad de té verde Japonés directo desde Uji, Kyoto.","5","10","2","7",,,,"2020",,"110432251","Financial Services > Credit Intermediation > International Trade and Development","141","International Trade & Development","International Trade and Development","urn:li:fsd_industry:141","https://www.linkedin.com/jobs/search?geoId=92000000&f_C=110432251","https://www.linkedin.com/company/mikimatcha/",,,,,,,,,,,,,,,,"https://media.licdn.com/dms/image/v2/D4E0BAQH-JO5ygE3Jaw/company-logo_400_400/B4EZtPRS8VHMAY-/0/1766561493082?e=1779926400&v=beta&t=Qtz6wqmmpUjAVi9b8krQUTQhRwy9HJMXxzE0DztPzss","400","https://media.licdn.com/dms/image/v2/D4E0BAQH-JO5ygE3Jaw/company-logo_400_400/B4EZtPRS8VHMAY-/0/1766561493082?e=1779926400&v=beta&t=Qtz6wqmmpUjAVi9b8krQUTQhRwy9HJMXxzE0DztPzss","400","200","https://media.licdn.com/dms/image/v2/D4E0BAQH-JO5ygE3Jaw/company-logo_200_200/B4EZtPRS8VHMAI-/0/1766561493082?e=1779926400&v=beta&t=gK36yDXoPM30380mfGF0C704K3gojpCBCCz33vE0818","200","100","https://media.licdn.com/dms/image/v2/D4E0BAQH-JO5ygE3Jaw/company-logo_100_100/B4EZtPRS8VHMAQ-/0/1766561493082?e=1779926400&v=beta&t=6GC4M3hhs45GeQfFjgk7YICHqHBgdBRod9hZTIfAHFg","100","Miki Matcha","COMPANY","false",,,,,,,,,,,,,,,,,,,,"Japan peace and harmony","mikimatcha","https://tienda.mikimatcha.com/","110432251","https://www.linkedin.com/company/mikimatcha/",,"400","https://media.licdn.com/dms/image/v2/D4E0BAQH-JO5ygE3Jaw/company-logo_400_400/B4EZtPRS8VHMAY-/0/1766561493082?e=1779926400&v=beta&t=Qtz6wqmmpUjAVi9b8krQUTQhRwy9HJMXxzE0DztPzss","400","200","https://media.licdn.com/dms/image/v2/D4E0BAQH-JO5ygE3Jaw/company-logo_200_200/B4EZtPRS8VHMAI-/0/1766561493082?e=1779926400&v=beta&t=gK36yDXoPM30380mfGF0C704K3gojpCBCCz33vE0818","200","100","https://media.licdn.com/dms/image/v2/D4E0BAQH-JO5ygE3Jaw/company-logo_100_100/B4EZtPRS8VHMAQ-/0/1766561493082?e=1779926400&v=beta&t=6GC4M3hhs45GeQfFjgk7YICHqHBgdBRod9hZTIfAHFg","100","https://media.licdn.com/dms/image/v2/D4E0BAQH-JO5ygE3Jaw/company-logo_400_400/B4EZtPRS8VHMAY-/0/1766561493082?e=1779926400&v=beta&t=Qtz6wqmmpUjAVi9b8krQUTQhRwy9HJMXxzE0DztPzss","Miki Matcha","mikimatcha","Along with Hiroe Miki, Japanese tea ambassador, I founded Miki Matcha in Peru. We are pioneers in Matcha Culture in Peru. 

Our matcha is the highest quality, from Uji (Kyoto, Japan).","6 yrs 5 mos","Contract","Present",,,"CEO",,"Diseño de procesos","proactividad","adaptabilidad","Gestión de ventas","Comunicación interpersonal","Microsoft Office","Gestión de proyectos","Logística de importaciones","Comunicación","Atención al cliente","Hojas de cálculo de Google","Inglés","Planificación estratégica","Habilidades sociales","Microsoft Excel","Trabajo en equipo","Liderazgo","Análisis de datos","Design thinking","Liderazgo de equipos","Jan","Jan 2020","2020",,"2493","2589","Igualdad de género • Liderazgo • Planificación estratégica • Orientación (psicología) • Bases de datos","Me apasiona construir y compartir caminos hacia el bienestar integral. Desde la psicoterapia, ofrezco un espacio de acompañamiento seguro y empático con enfoque afirmativo para el crecimiento emocional.

Con esa misma visión, cofundé Miki Matcha, pioneras en traer la cultura del matcha al Perú, convencida de que los pequeños rituales también transforman nuestra calidad de vida."
"María Inés","Gutiérrez Eguren","https://www.linkedin.com/in/maría-inés-gutiérrez-eguren-75555520","Psicoterapeuta | Terapia de pareja | Terapia individual | Terapia familiar | Formadora, tallerista y facilitadora",,"true",,"maria.gutierrez@parejasyfamilias.com.pe","false","60","risky","true","PE","Peru","Peru","PE","Peru",,"Peru","true",,"false","https://media.licdn.com/dms/image/v2/D4E1BAQHek5Xw4BHj9A/company-background_10000/B4EZ3088TSJQAI-/0/1777931109854/parejas_y_familias_cover?e=1779156000&v=beta&t=wMQ6BIZo9ULXlQ1J2o1infjWrvp-97vbcDlApa1UiXg","396","https://media.licdn.com/dms/image/v2/D4E1BAQHek5Xw4BHj9A/company-background_10000/B4EZ3088TSJQAI-/0/1777931109854/parejas_y_familias_cover?e=1779156000&v=beta&t=wMQ6BIZo9ULXlQ1J2o1infjWrvp-97vbcDlApa1UiXg","1584","100","https://media.licdn.com/dms/image/v2/D4E1BAQHek5Xw4BHj9A/company-background_400/B4EZ3088TSJQAQ-/0/1777931109854/parejas_y_familias_cover?e=1779156000&v=beta&t=xuCNhJFxJ0JYh36K2fom-euJazjE8AjzK74Kn8KhQ3U","400","50","https://media.licdn.com/dms/image/v2/D4E1BAQHek5Xw4BHj9A/company-background_200/B4EZ3088TSJQAU-/0/1777931109854/parejas_y_familias_cover?e=1779156000&v=beta&t=YbdG-RNoioWwsaAnLPatWhKumgrspDpnoRNCHJ0N1qQ","200","https://parejasyfamilias.com.pe/",,"1","10","2","1",,,,,,"115977291","Hospitals and Health Care > Medical Practices > Mental Health Care","139","Mental Health Care","Mental Health Care","urn:li:fsd_industry:139","https://www.linkedin.com/jobs/search?geoId=92000000&f_C=115977291","https://www.linkedin.com/company/parejas-y-familias/",,,,,,,,,,,,,,,,"https://media.licdn.com/dms/image/v2/D4E0BAQFAKC1ZS5jPEg/company-logo_400_400/B4EZ344owEJ4AU-/0/1777997090039/parejas_y_familias_logo?e=1779926400&v=beta&t=t36aHovEwcnIJJ6yk8oplDQ9Kbscr8Mw3ps4Nhf42Kc","400","https://media.licdn.com/dms/image/v2/D4E0BAQFAKC1ZS5jPEg/company-logo_400_400/B4EZ344owEJ4AU-/0/1777997090039/parejas_y_familias_logo?e=1779926400&v=beta&t=t36aHovEwcnIJJ6yk8oplDQ9Kbscr8Mw3ps4Nhf42Kc","400","200","https://media.licdn.com/dms/image/v2/D4E0BAQFAKC1ZS5jPEg/company-logo_200_200/B4EZ344owEJ4AE-/0/1777997090039/parejas_y_familias_logo?e=1779926400&v=beta&t=sbPRbW82dGhKBLtpLlfHmO6fMb92BDgQGeviw6i-vyQ","200","100","https://media.licdn.com/dms/image/v2/D4E0BAQFAKC1ZS5jPEg/company-logo_100_100/B4EZ344owEJ4AI-/0/1777997090039/parejas_y_familias_logo?e=1779926400&v=beta&t=yJBlxHb20aiEp3O00juainEXWRKJTdT26PmVytunUV4","100","Parejas y Familias","COMPANY","false",,,,,,,,,,,,,,,,,,,,"""Un espacio seguro para comprender, trasnformar y fortalecer tus vínculos""","parejas-y-familias","https://parejasyfamilias.com.pe/","115977291","https://www.linkedin.com/company/parejas-y-familias/",,"400","https://media.licdn.com/dms/image/v2/D4E0BAQFAKC1ZS5jPEg/company-logo_400_400/B4EZ344owEJ4AU-/0/1777997090039/parejas_y_familias_logo?e=1779926400&v=beta&t=t36aHovEwcnIJJ6yk8oplDQ9Kbscr8Mw3ps4Nhf42Kc","400","200","https://media.licdn.com/dms/image/v2/D4E0BAQFAKC1ZS5jPEg/company-logo_200_200/B4EZ344owEJ4AE-/0/1777997090039/parejas_y_familias_logo?e=1779926400&v=beta&t=sbPRbW82dGhKBLtpLlfHmO6fMb92BDgQGeviw6i-vyQ","200","100","https://media.licdn.com/dms/image/v2/D4E0BAQFAKC1ZS5jPEg/company-logo_100_100/B4EZ344owEJ4AI-/0/1777997090039/parejas_y_familias_logo?e=1779926400&v=beta&t=yJBlxHb20aiEp3O00juainEXWRKJTdT26PmVytunUV4","100","https://media.licdn.com/dms/image/v2/D4E0BAQFAKC1ZS5jPEg/company-logo_400_400/B4EZ344owEJ4AU-/0/1777997090039/parejas_y_familias_logo?e=1779926400&v=beta&t=t36aHovEwcnIJJ6yk8oplDQ9Kbscr8Mw3ps4Nhf42Kc","Parejas y Familias","parejas-y-familias","Terapia de Pareja
Terapia Familiar
Terapia Individual
Acompañamiento a parejas  jóvenes","16 yrs 5 mos","Freelance","Present",,"Distrito de Miraflores, Departamento de Lima, Peru","Psicóloga - Psicoterapeuta de Parejas y Familias",,"Microsoft Office","Habilidades sociales","Formación y desarrollo","Psicoterapia","Terapia Sistemica Relacional","Escucha terapéutica","Terapia de pareja","Estrategias creativas",,,,,,,,,,,,,"Jan","Jan 2010","2010","Hybrid","3314","3371","Psicoterapia • Psicoterapia de Parejas","Soy psicóloga licenciada con formación en terapia familiar sistémica relacional por la Fundación Familias y Parejas, Argentina (FyP) y el Instituto Familiar Sistémico de Lima (IFASIL). 

Cuento con más de 25 años de trayectoria como psicoterapeuta. Fui miembro de staff en IFASIL y actualmente ejerzo consulta privada (parejasyfamilia.com.pe).

Ayudo a reforzar y cuidar los vínculos más importantes que tienen las personas: consigo mismos, con su pareja y con su familia. A su vez, a desenvolverse y relacionarse de manera óptima con su entorno.

Escríbeme por inbox LinkedIn o al DM Instagram: @parejasyfamiliaperu"
"Elvira Elena","Ponte Mendoza","https://www.linkedin.com/in/elvira-elena-ponte-mendoza-4abb6096","Psicóloga sistémica / Magíster en Gerencia Social / especialista en capacitación y asistencia técnica / gestión pública / género/ interseccionalidad/ interculturalidad / derechos humanos",,,,,,,,,"PE","Peru","Peru","PE","Peru",,"Peru","true",,"false",,,,,,,,,,,"http://mutuallearningprogram.org",,"3","10","2","4",,,,,,"102117860","Consumer Services > Non-profit Organizations","100","Non-profit Organization Management","Non-profit Organizations","urn:li:fsd_industry:100","https://www.linkedin.com/jobs/search?geoId=92000000&f_C=102117860","https://www.linkedin.com/company/family-power-mutual-learning/",,,,,,,,,,,,,,,,"https://media.licdn.com/dms/image/v2/D4E0BAQE6lgVjZPtloQ/company-logo_400_400/company-logo_400_400/0/1707736013139/family_power_mutual_learning_logo?e=1779926400&v=beta&t=KTK_hD1D0_5iQ9iwhXKsU2baoRVRR7JSL0_k75NgHog","400","https://media.licdn.com/dms/image/v2/D4E0BAQE6lgVjZPtloQ/company-logo_400_400/company-logo_400_400/0/1707736013139/family_power_mutual_learning_logo?e=1779926400&v=beta&t=KTK_hD1D0_5iQ9iwhXKsU2baoRVRR7JSL0_k75NgHog","400","200","https://media.licdn.com/dms/image/v2/D4E0BAQE6lgVjZPtloQ/company-logo_200_200/company-logo_200_200/0/1707736013139/family_power_mutual_learning_logo?e=1779926400&v=beta&t=yrV7cq0R0_Lx4e8m7kT9yWejr7nyfEbmM67Klkyc11s","200","100","https://media.licdn.com/dms/image/v2/D4E0BAQE6lgVjZPtloQ/company-logo_100_100/company-logo_100_100/0/1707736013139/family_power_mutual_learning_logo?e=1779926400&v=beta&t=FW3wLEwzfYtouZ1QOwKxCIJRe2AzrXSs-4ZIfviuzGU","100","Family Power - Mutual Learning","COMPANY","false",,,,,,,,,,,,,,,,,,,,"We aim to create possibilities, through dialogue and collaboration, that enable children to grow up in loving families","family-power-mutual-learning","mutuallearningprogram.org","102117860","https://www.linkedin.com/company/family-power-mutual-learning/",,"400","https://media.licdn.com/dms/image/v2/D4E0BAQE6lgVjZPtloQ/company-logo_400_400/company-logo_400_400/0/1707736013139/family_power_mutual_learning_logo?e=1779926400&v=beta&t=KTK_hD1D0_5iQ9iwhXKsU2baoRVRR7JSL0_k75NgHog","400","200","https://media.licdn.com/dms/image/v2/D4E0BAQE6lgVjZPtloQ/company-logo_200_200/company-logo_200_200/0/1707736013139/family_power_mutual_learning_logo?e=1779926400&v=beta&t=yrV7cq0R0_Lx4e8m7kT9yWejr7nyfEbmM67Klkyc11s","200","100","https://media.licdn.com/dms/image/v2/D4E0BAQE6lgVjZPtloQ/company-logo_100_100/company-logo_100_100/0/1707736013139/family_power_mutual_learning_logo?e=1779926400&v=beta&t=FW3wLEwzfYtouZ1QOwKxCIJRe2AzrXSs-4ZIfviuzGU","100","https://media.licdn.com/dms/image/v2/D4E0BAQE6lgVjZPtloQ/company-logo_400_400/company-logo_400_400/0/1707736013139/family_power_mutual_learning_logo?e=1779926400&v=beta&t=KTK_hD1D0_5iQ9iwhXKsU2baoRVRR7JSL0_k75NgHog","Family Power - Mutual Learning","family-power-mutual-learning",,"9 mos",,"Present",,,"Facilitadora del Programa de Aprendizaje Mutuo",,,,,,,,,,,,,,,,,,,,,,"Sep","Sep 2025","2025","Remote","457","469",,"Licenciada en Psicología, colegiada y habilitada, Magíster en Gerencia Social por la PUCP, con formación en enfoque relacional sistémico colaborativo, post grado en cooperación internacional para el desarrollo y gerencia social; con amplia experiencia en el diseño, implementación, coordinación, implementación y monitoreo de programas y proyectos de desarrollo y gestión pública y proyectos de desarrollo humano, en el fortalecimiento de capacidades, así como en la elaboración, adecuación de materiales educativos y/o herramientas metodológicas dirigido a funcionariado de entidades públicas en todo nivel, y en programas sociales, de prevención y atención contra la violencia, en servicios de atención a población vulnerable y respuesta humanitaria. Con más de 20 años de trayectoria profesional en la gestión pública y privada (MINSA, MIDIS, PROGRAMA JUNTOS, MUNICIPALIDAD METROPOLITANA DE LIMA, MIMP, PROGRAMA AURORA -MIMP, MINCUL, ONPE, MIGRACIONES y SERVIR), y en organizaciones como CEAPAZ, ASOCIACIÓN SER,  DEMUS, UNFPA, HIAS, FAMILY POWER e IDEA INTERNACIONAL PANAMÁ; y acompañando organizaciones de mujeres indígenas andinas y amazónicas como ONAMIAP. Actualmente, facilitadora internacional del Programa de Aprendizaje Mutuo en cuidados basados en las familias y comunidad desde las Prácticas Colaborativas - Dialogicas."
"Rosabel María","Maza","https://www.linkedin.com/in/rosabel-maría-maza-997b6236","Psicoterapeuta psicoanalítica. 🌸 Doctoranda en Psicología.
Tesis doctoral: lo polémico de vivir en bienestar dentro y fuera de relaciones de pareja violentas.🌸
Fundadora CEO Qallariy. 🌸
Consultoría privada - PUCP 🌸",,,,,,,,,"PE","Peru","Peru","PE","Peru",,"Peru","true",,"false","https://media.licdn.com/dms/image/v2/C4E1BAQHPmUS0xZk65A/company-background_10000/company-background_10000/0/1607903147034/qallariyperu_cover?e=1779156000&v=beta&t=8V_x57GAQYy1X2KIFvJNod64bcoAfXuSuHghFDWQp9o","3024","https://media.licdn.com/dms/image/v2/C4E1BAQHPmUS0xZk65A/company-background_10000/company-background_10000/0/1607903147034/qallariyperu_cover?e=1779156000&v=beta&t=8V_x57GAQYy1X2KIFvJNod64bcoAfXuSuHghFDWQp9o","4032","300","https://media.licdn.com/dms/image/v2/C4E1BAQHPmUS0xZk65A/company-background_400/company-background_400/0/1607903147034/qallariyperu_cover?e=1779156000&v=beta&t=ox6qGDcKSxqo2NvzUphBs2I54lb-xw9H7L4O5F3M44k","400","150","https://media.licdn.com/dms/image/v2/C4E1BAQHPmUS0xZk65A/company-background_200/company-background_200/0/1607903147034/qallariyperu_cover?e=1779156000&v=beta&t=ZBMDvQoQca_qM-YhljCu-w10_iGM6jjEoR4G_jJEZSA","200","http://www.qallariy.com","¿Quienes somos?
Somos un grupo de profesionales que mantenemos contacto continuo desde hace diez años con la comunidad de Nieveria – Huachipa, realizando: charlas, talleres, evaluaciones, diseño y realización de proyectos incentivando a la población, supervisando casos, y dando orientación psicológica. Hemos visto crecer a muchos chicos y chicas, hoy convertidos en madres y padres de familia, líderes y liderezas sanos, referentes para su comunidad. Hoy tenemos 3500 pacientes atendidos con muchos casos de éxito. Siempre abiertos  RSE. 

¿Cuál es nuestra filosofía?
Somos una asociación civil sin fines de lucro -formada por psicólogas de un alto nivel de compromiso, lealtad y vocación de servicio- dedicada a trabajar integralmente con las personas que acuden a nuestro centro, para acompañarles en sus procesos de duelo, des-legitimación de la violencia, de desarrollo y fortalecimiento, así como para darles una mirada en conjunto a sus dificultades transitorias. ","38","50","11","640",,,,"2012",,"67224134","Consumer Services > Non-profit Organizations","100","Non-profit Organization Management","Non-profit Organizations","urn:li:fsd_industry:100","https://www.linkedin.com/jobs/search?geoId=92000000&f_C=67224134","https://www.linkedin.com/company/qallariyperu/","Lima","PE",,"Lima","true","01",,"Lima","Peru","PE","Peru",,"Lima","Lima, Peru","01","https://media.licdn.com/dms/image/v2/C560BAQH5cZlrID66QQ/company-logo_400_400/company-logo_400_400/0/1630635968583/qallariyperu_logo?e=1779926400&v=beta&t=gPniMKHRxeyl2boZKDLjR1waBKbyoK7WjYt13sUZC3U","400","https://media.licdn.com/dms/image/v2/C560BAQH5cZlrID66QQ/company-logo_400_400/company-logo_400_400/0/1630635968583/qallariyperu_logo?e=1779926400&v=beta&t=gPniMKHRxeyl2boZKDLjR1waBKbyoK7WjYt13sUZC3U","400","200","https://media.licdn.com/dms/image/v2/C560BAQH5cZlrID66QQ/company-logo_200_200/company-logo_200_200/0/1630635968582/qallariyperu_logo?e=1779926400&v=beta&t=G58Pug5Ogy6iDIxSTwjdIWOZm1bPEAguVgGoV3Y5rPw","200","100","https://media.licdn.com/dms/image/v2/C560BAQH5cZlrID66QQ/company-logo_100_100/company-logo_100_100/0/1630635968583/qallariyperu_logo?e=1779926400&v=beta&t=btgUMn-36P55TVMszv5XRP_EWhPh9mZvrA9eJE6j_MI","100","Qallariy","COMPANY","false",,,"+51999120900","Salud Mental","Psicología","Enfoque de género","Trabajo comunitario","Violencia de género ","Empoderamiento femenino",,,,,,,,,,,"Psicólogxs enfocadxs tanto en la promoción de la salud mental, como en la prevención y la mitigación de la violencia. ","qallariyperu","http://www.qallariy.com","67224134","https://www.linkedin.com/company/qallariyperu/",,"400","https://media.licdn.com/dms/image/v2/C560BAQH5cZlrID66QQ/company-logo_400_400/company-logo_400_400/0/1630635968583/qallariyperu_logo?e=1779926400&v=beta&t=gPniMKHRxeyl2boZKDLjR1waBKbyoK7WjYt13sUZC3U","400","200","https://media.licdn.com/dms/image/v2/C560BAQH5cZlrID66QQ/company-logo_200_200/company-logo_200_200/0/1630635968582/qallariyperu_logo?e=1779926400&v=beta&t=G58Pug5Ogy6iDIxSTwjdIWOZm1bPEAguVgGoV3Y5rPw","200","100","https://media.licdn.com/dms/image/v2/C560BAQH5cZlrID66QQ/company-logo_100_100/company-logo_100_100/0/1630635968583/qallariyperu_logo?e=1779926400&v=beta&t=btgUMn-36P55TVMszv5XRP_EWhPh9mZvrA9eJE6j_MI","100","https://media.licdn.com/dms/image/v2/C560BAQH5cZlrID66QQ/company-logo_400_400/company-logo_400_400/0/1630635968583/qallariyperu_logo?e=1779926400&v=beta&t=gPniMKHRxeyl2boZKDLjR1waBKbyoK7WjYt13sUZC3U","Qallariy","qallariyperu",,"24 yrs 5 mos","Full-time","Present","8ef0fd76ba71f35d2fc852af8b30388629ae83d6","Lima, Peru","Chief Executive Officer",,"Promoción de la salud","Coaching","Gestión de voluntariado","Supervisión clínica","Escucha activa","Psicología organizacional","Trabajo en equipo","Bienestar de los empleados","Terapia de grupo",,,,,,,,,,,,"Jan","Jan 2002","2002",,"1597","1624",,"web: www.rosabel-maza.com
🌸Doctoranda en Psicología con la tesis ""lo polémico de vivir en bienestar dentro y fuera de relaciones violentas"" PUCP 2024. Magíster en Estudios Teóricos en Psicoanálisis 2008 y Licenciada en Psicología Educacional. Terapeuta empática de orientación dinámica en el trabajo emocional con adultos, parejas, adolescentes, familias y niños. Supervisora psicoanalitica, con más de 35 años de experiencia tanto en el área clínica, educacional y social. 
🌸Estudios terminados de Maestría en Filosofía con mención en Ética y Política y diplomada  en Filosofía con mención en  Mística y Humanismo. UARM 2014
🌸Directora General y fundadora del proyecto social Qallariy en Huachipa, Chosica. Promovemos la salud mental en Lima Este y en redes, creando una comunidad de más de 120K. Celebramos el 12avo aniversario con más de 3500 pacientes. Recibimos una conmemoración recibida por Ministerio de la Mujer 2019 por nuestro espacio de ayuda psicológica y fortalecimiento de mujeres en aspectos emocionales, sociales y educativos. Compromiso demostrado con la población a lo largo de 22 años. www.qallariy.com
🌸Congresista internacional con experiencia, exponente de webinars a nivel nacional. Parte del equipo de RSU de la PUCP 2020 a la fecha. Apoyo psicoterapéutico a profesores. Parte del equipo Resucita Peru Ahora 2020-2022 dando webinars en plena pandemia.
🌸Consultora con experiencia en proyectos sociales a través de la coordinación con ONGs como con Organismos Internacionales. Experiencia demostrada en la creación de diferentes módulos e intervenciones con poblaciones vulnerables. Constante y perseverante en presencia profesional a lo largo de años con resultados evidentes y reconocimiento público. Comunidad Europea. 
🌸Psicóloga experimentada en el tema de Género, RSE y Ética. Con capacidad para las relaciones sociales, comunicadora y negociadora de conflictos con comunidades.  Capaz de estrechar vínculos con poblaciones y mujeres a nivel nacional. Consultora en Proyecto sobre Equidad de Genero: Cooperación Alemana al Desarrollo. GTZ., Consultora de  ConVoMujer GTZ, IRON MOUNTAIN y REP. 
Autora de página web con visitas sobre los 100K usuarios. www.rosabel-maza.com"
"Jesús Pablo","Rios Hinostroza","https://www.linkedin.com/in/jesús-pablo-rios-hinostroza","Psicólogo Clínico ( C.Ps.P 66281) | Psicoterapeuta con especialización en Técnicas Cognitivas Conductuales | Especialista en Trastornos de Déficit de Atención TDA y TDAH",,,,,,,,,"PE","Peru","Peru","PE","Peru",,"Peru",,,,,,,,,,,,,,,,,,,,,,,,,,,,,,,,,,,,,,,,,,,,,,,,,,,,,,,,,,,,,,,,,,,,,,,,,,,,,,,,,,,,"https://www.linkedin.com/search/results/all/?keywords=Neuralife+Salud",,,,,,,,,,,,"Neuralife Salud",,"• Realización de entrevistas diagnósticas e historias clínicas integrales para pacientes de consulta externa.
• Tratamiento psicoterapéutico de trastornos comunes como Ansiedad (F41.1), Depresión y trastornos adaptativos, entre otros.
• Gestión de derivaciones e interconsultas con las especialidades de Psiquiatría y Neurología para un abordaje multidisciplinario.
• Diseño y seguimiento de planes de tratamiento mediante el uso de recetarios de indicaciones terapéuticas y técnicas de modificación de conducta.","3 mos","Part-time","Present",,"Santiago de Surco, Peru","Psicólogo clínico",,"Evaluaciones psicológicas","Terapia psicológica","Psicología clínica","Historia clínica","Terapias cognitivo-conductuales","Terapia para la salud mental",,,,,,,,,,,,,,,"Mar","Mar 2026","2026","On-site","1657","1668",,"Psicólogo clínico colegiado (N.° 66281), especializado en Terapia Cognitivo Conductual, Psicoterapia de Pareja y
abordaje de TDA/TDAH. Experiencia en atención psicoterapéutica de niños, adolescentes, adultos y parejas, en modalidad presencial y remota. Formación complementaria en neuropsicología, adicciones y salud mental, con participación en proyectos universitarios e intercambios académicos nacionales e internacionales. De esta forma, me considero un profesional dispuesto a poner en práctica todo mi conocimiento y experiencia al cuidado,
acompañamiento y apoyo integral de cada paciente, promoviendo procesos de cambio, crecimiento y sanación."
