"firstName","lastName","linkedinUrl","headline","emails","emails/0/catchAllDomain","emails/0/deliverable","emails/0/email","emails/0/foundInLinkedInProfile","emails/0/free","emails/0/qualityScore","emails/0/status","emails/0/validEmailServer","location/countryCode","location/linkedinText","location/parsed/city","location/parsed/country","location/parsed/countryCode","location/parsed/countryFull","location/parsed/regionCode","location/parsed/state","location/parsed/text","currentPosition/0/company/active","currentPosition/0/company/announcement","currentPosition/0/company/autoGenerated","currentPosition/0/company/backgroundCover","currentPosition/0/company/backgroundCovers/0/height","currentPosition/0/company/backgroundCovers/0/url","currentPosition/0/company/backgroundCovers/0/width","currentPosition/0/company/backgroundCovers/1/height","currentPosition/0/company/backgroundCovers/1/url","currentPosition/0/company/backgroundCovers/1/width","currentPosition/0/company/backgroundCovers/2/height","currentPosition/0/company/backgroundCovers/2/url","currentPosition/0/company/backgroundCovers/2/width","currentPosition/0/company/callToActionUrl","currentPosition/0/company/description","currentPosition/0/company/employeeCount","currentPosition/0/company/employeeCountRange/end","currentPosition/0/company/employeeCountRange/start","currentPosition/0/company/followerCount","currentPosition/0/company/foundedOn","currentPosition/0/company/foundedOn/day","currentPosition/0/company/foundedOn/month","currentPosition/0/company/foundedOn/year","currentPosition/0/company/fundingData","currentPosition/0/company/id","currentPosition/0/company/industries/0/hierarchy","currentPosition/0/company/industries/0/id","currentPosition/0/company/industries/0/name","currentPosition/0/company/industries/0/title","currentPosition/0/company/industries/0/urn","currentPosition/0/company/jobSearchUrl","currentPosition/0/company/linkedinUrl","currentPosition/0/company/location/city","currentPosition/0/company/location/country","currentPosition/0/company/location/description","currentPosition/0/company/location/geographicArea","currentPosition/0/company/location/headquarter","currentPosition/0/company/location/line1","currentPosition/0/company/location/line2","currentPosition/0/company/location/parsed/city","currentPosition/0/company/location/parsed/country","currentPosition/0/company/location/parsed/countryCode","currentPosition/0/company/location/parsed/countryFull","currentPosition/0/company/location/parsed/regionCode","currentPosition/0/company/location/parsed/state","currentPosition/0/company/location/parsed/text","currentPosition/0/company/location/postalCode","currentPosition/0/company/logo","currentPosition/0/company/logos/0/height","currentPosition/0/company/logos/0/url","currentPosition/0/company/logos/0/width","currentPosition/0/company/logos/1/height","currentPosition/0/company/logos/1/url","currentPosition/0/company/logos/1/width","currentPosition/0/company/logos/2/height","currentPosition/0/company/logos/2/url","currentPosition/0/company/logos/2/width","currentPosition/0/company/name","currentPosition/0/company/pageType","currentPosition/0/company/pageVerified","currentPosition/0/company/phone","currentPosition/0/company/phone/extension","currentPosition/0/company/phone/number","currentPosition/0/company/specialities/0","currentPosition/0/company/specialities/1","currentPosition/0/company/specialities/2","currentPosition/0/company/specialities/3","currentPosition/0/company/specialities/4","currentPosition/0/company/specialities/5","currentPosition/0/company/specialities/6","currentPosition/0/company/specialities/7","currentPosition/0/company/specialities/8","currentPosition/0/company/specialities/9","currentPosition/0/company/tagline","currentPosition/0/company/universalName","currentPosition/0/company/website","currentPosition/0/companyId","currentPosition/0/companyLinkedinUrl","currentPosition/0/companyLogo","currentPosition/0/companyLogo/sizes/0/height","currentPosition/0/companyLogo/sizes/0/url","currentPosition/0/companyLogo/sizes/0/width","currentPosition/0/companyLogo/sizes/1/height","currentPosition/0/companyLogo/sizes/1/url","currentPosition/0/companyLogo/sizes/1/width","currentPosition/0/companyLogo/sizes/2/height","currentPosition/0/companyLogo/sizes/2/url","currentPosition/0/companyLogo/sizes/2/width","currentPosition/0/companyLogo/url","currentPosition/0/companyName","currentPosition/0/companyUniversalName","currentPosition/0/description","currentPosition/0/duration","currentPosition/0/employmentType","currentPosition/0/endDate/text","currentPosition/0/experienceGroupId","currentPosition/0/location","currentPosition/0/position","currentPosition/0/skills","currentPosition/0/skills/0","currentPosition/0/skills/1","currentPosition/0/skills/2","currentPosition/0/skills/3","currentPosition/0/skills/4","currentPosition/0/skills/5","currentPosition/0/skills/6","currentPosition/0/skills/7","currentPosition/0/skills/8","currentPosition/0/skills/9","currentPosition/0/skills/10","currentPosition/0/skills/11","currentPosition/0/startDate/month","currentPosition/0/startDate/text","currentPosition/0/startDate/year","currentPosition/0/workplaceType","connectionsCount","followerCount","topSkills","about"
"Irene","Bajtner Nathan","https://www.linkedin.com/in/irebajtner","Headhunter Independiente | Senior Recruitment Specialist | Executive Search | Talent Acquisition | Career Coach | Outplacement | Empleabilidad | 🚀 Líder en Gestión del Talento | Psicoterapeuta TREC | Perú 🇵🇪",,"false","true","ibn.talentconsulting@gmail.com","true","true","100","valid","true","PE","Peru",,"Peru","PE","Peru",,,"Peru","true",,"false","https://media.licdn.com/dms/image/v2/D4E1BAQFhKMjWuKL54A/company-background_10000/B4EZcTUpPxHYAU-/0/1748375869649/ibn_talent_consulting_cover?e=1779145200&v=beta&t=1FV2Gz4JWevmJGmte7LGup8PPkZipBm88xnKHBx5sRM","600","https://media.licdn.com/dms/image/v2/D4E1BAQFhKMjWuKL54A/company-background_10000/B4EZcTUpPxHYAU-/0/1748375869649/ibn_talent_consulting_cover?e=1779145200&v=beta&t=1FV2Gz4JWevmJGmte7LGup8PPkZipBm88xnKHBx5sRM","2000","120","https://media.licdn.com/dms/image/v2/D4E1BAQFhKMjWuKL54A/company-background_400/B4EZcTUpPxHYAY-/0/1748375869649/ibn_talent_consulting_cover?e=1779145200&v=beta&t=I4cwwFPE_k7t2rYsFG-YWPDao0zxw3qmH7rJBFoYNqg","400","60","https://media.licdn.com/dms/image/v2/D4E1BAQFhKMjWuKL54A/company-background_200/B4EZcTUpPxHYAc-/0/1748375869649/ibn_talent_consulting_cover?e=1779145200&v=beta&t=14umoujviIIoAoOOAKQhSYa7uVIO1czJrzVZB3n3fyk","200","https://www.linkedin.com/company/ibn-talent-consulting/services/request-proposal","Brindamos servicios de consultoría de Recursos Humanos. Somos especialistas en liderar procesos de reclutamiento y selección de personal de mandos intermedios y altas gerencias, executive search. ","1","1","0","1325",,,,"2025",,"107192938","Professional Services > Business Consulting and Services > Human Resources Services","137","Human Resources","Human Resources Services","urn:li:fsd_industry:137","https://www.linkedin.com/jobs/search?geoId=92000000&f_C=107192938","https://www.linkedin.com/company/ibn-talent-consulting/","Lima","PE",,"Lima","true",,,"Lima","Peru","PE","Peru",,"Lima","Lima, Peru",,"https://media.licdn.com/dms/image/v2/D4E0BAQGSB36QyCBaQw/company-logo_400_400/B4EZb6E7toHkAY-/0/1747952324946/ibn_talent_consulting_logo?e=1779926400&v=beta&t=MQiuCpTbkdaYj4YzQPr8MYob-x0d75QtirJg0uV2OFM","400","https://media.licdn.com/dms/image/v2/D4E0BAQGSB36QyCBaQw/company-logo_400_400/B4EZb6E7toHkAY-/0/1747952324946/ibn_talent_consulting_logo?e=1779926400&v=beta&t=MQiuCpTbkdaYj4YzQPr8MYob-x0d75QtirJg0uV2OFM","400","200","https://media.licdn.com/dms/image/v2/D4E0BAQGSB36QyCBaQw/company-logo_200_200/B4EZb6E7toHkAI-/0/1747952324946/ibn_talent_consulting_logo?e=1779926400&v=beta&t=SXqK0pvzIUnPIY1c6OoSSG8lvp732_w316GJ9_m5ctE","200","100","https://media.licdn.com/dms/image/v2/D4E0BAQGSB36QyCBaQw/company-logo_100_100/B4EZb6E7toHkAQ-/0/1747952324946/ibn_talent_consulting_logo?e=1779926400&v=beta&t=ebetetBQ68WAeRLx21BRvW1KlNCeh2SCROvBfRRGAlw","100","IBN Talent Consulting","COMPANY","false",,,"981572054","Selección de personal","Búsqueda de ejecutivos","Reclutamientodetalento","ExecutiveSearch","Headhunting","HRservices","EspecialistasEnRecursosHumanos","ReclutamientoySelecciónDePersonal","RecursosHumanos","HR","Consultoría de Recursos Humanos. Especialistas en selección de personal de mandos medios y altos. Executive search.","ibn-talent-consulting",,"107192938","https://www.linkedin.com/company/ibn-talent-consulting/",,"400","https://media.licdn.com/dms/image/v2/D4E0BAQGSB36QyCBaQw/company-logo_400_400/B4EZb6E7toHkAY-/0/1747952324946/ibn_talent_consulting_logo?e=1779926400&v=beta&t=MQiuCpTbkdaYj4YzQPr8MYob-x0d75QtirJg0uV2OFM","400","200","https://media.licdn.com/dms/image/v2/D4E0BAQGSB36QyCBaQw/company-logo_200_200/B4EZb6E7toHkAI-/0/1747952324946/ibn_talent_consulting_logo?e=1779926400&v=beta&t=SXqK0pvzIUnPIY1c6OoSSG8lvp732_w316GJ9_m5ctE","200","100","https://media.licdn.com/dms/image/v2/D4E0BAQGSB36QyCBaQw/company-logo_100_100/B4EZb6E7toHkAQ-/0/1747952324946/ibn_talent_consulting_logo?e=1779926400&v=beta&t=ebetetBQ68WAeRLx21BRvW1KlNCeh2SCROvBfRRGAlw","100","https://media.licdn.com/dms/image/v2/D4E0BAQGSB36QyCBaQw/company-logo_400_400/B4EZb6E7toHkAY-/0/1747952324946/ibn_talent_consulting_logo?e=1779926400&v=beta&t=MQiuCpTbkdaYj4YzQPr8MYob-x0d75QtirJg0uV2OFM","IBN Talent Consulting","ibn-talent-consulting","Fundé IBN con el propósito de ayudar a empresas a encontrar al talento ideal y asesorar a personas en su proceso de cambio laboral. 

Brindo el servicio de reclutamiento, evaluación y selección de personal de middle y top management para diversos clientes. Headhunter especializada en posiciones ejecutivas, medianas y altas gerencias. C-level. Executive Search.

También realizo programas de empleabilidad y recolocación laboral para personas interesadas en conseguir trabajo o recolocarse. Acompaño a profesionales en transición laboral a diseñar su CV, prepararse para entrevistas, mejorar su marca personal y ampliar su network para alcanzar su objetivo y conseguir ese nuevo puesto que se alinee con su vida actual.

#Headhunter #ExecutiveSearch #Recruiting #RecursosHumanos #CareerCoach #Consultora #Empleabilidad #Outplacement #HRServices","1 yr 1 mo","Self-employed","Present",,"Lima, Peru","Senior Recruitment Specialist and Headhunter / Career Coach - Founder of IBN Talent Consulting",,,,,,,,,,,,,,"May","May 2025","2025","Remote","17332","17760","Gestión de personas • Selección de personal • Capacitación • Cultura organizativa • Clima laboral","¡Bienvenid@ a mi perfil! 
Te invito a conocer mi emprendimiento personal: IBN Talent Consulting, Headhunter, Consultora de Recursos Humanos especializada en ayudar a empresas a conectar con el talento adecuado a través de un servicio de selección estratégico, humano y eficiente. Asimismo, ayudo como Asesora de Empleabilidad a personas en transición laboral a que puedan construir una carrera alineada con su propósito personal. 

Mis servicios:
Para empresas
- Headhunting estratégico de mediana y alta gerencia / Executive Search (C-level)
- Reclutamiento y selección de personal especializado, experiencia en una amplia variedad de sectores y niveles de posiciones, middle / senior - up.
- Evaluación de candidatos a través de entrevistas por competencias y evaluaciones psicotécnicas de personalidad, comportamiento, habilidades blandas, capacidad cognitiva, ética, liderazgo, etc y entrega de informes psicolaborales. 

Para personas
- Orientación profesional, identificamos tus metas
- Optimización de CV y cartas de presentación 
- Marca personal y perfil de LinkedIn
- Preparación para entrevistas
- Networking estratégico

Contacto: ibn.talentconsulting@gmail.com / +51 981572054

Mi perfil profesional 🎓:
* Psicóloga Organizacional y Clínica 
* Headhunter de mandos medios y altos (Gerencias, C-Level) / Executive Search
* Especialista en Gestión del Talento (Soft)
* Más de 10 años de experiencia liderando procesos de reclutamiento y selección de personal.
* Experiencia en diversos sectores: Consultoría de RRHH y Negocios, Finanzas, Tecnología, Minería, Aeronáutica, Retail, Industria, Arquitectura y Construcción, Hotelería, Educación, Entretenimiento.

Asimismo, he liderado el 360 del área de Personas; procesos de capacitación, inducción y desarrollo del talento, gestión de carrera, coaching, clima y cultura organizacional y responsabilidad social corporativa en empresas multinacionales y nacionales de servicios. También he supervisado las sub-áreas de compensaciones y beneficios, seguridad y salud en el trabajo y comunicación interna y externa. 

Mi formación abarca una Maestría en Dirección de Recursos Humanos, estudios como Coach Ejecutivo Sistémico y Terapeuta Cognitivo Conductual."
"Eduardo","Jourde","https://www.linkedin.com/in/edujourde","Coach Corporativo / Especialista en Liderazgo Humano & Equipos de Alto Impacto / ICC® Certified Life & Team Coach / Master Power Coach Trainer / Humano.",,"true",,"eduardo.jourde@crianzasmart.com",,"false","60","risky","true","PE","Peru",,"Peru","PE","Peru",,,"Peru",,,,,,,,,,,,,,,,,,,,,,,,,,,,,,,,,,,,,,,,,,,,,,,,,,,,,,,,,,,,,,,,,,,,,,,,,,,,,,"https://www.linkedin.com/search/results/all/?keywords=Coach+Eduardo",,,,,,,,,,,,"Coach Eduardo",,"Coach profesional certificado por la International Coaching Community (ICC®) en Life Coaching con PNL y Team Coaching.

Acompaño a equipos y líderes a fortalecer su comunicación, cohesión y bienestar emocional, impactando directamente en el clima laboral, la colaboración y el desempeño organizacional.

A través de talleres y programas corporativos, facilito espacios donde las personas pueden desarrollar habilidades clave como la inteligencia emocional, la gestión de conflictos, la autoestima y el trabajo en equipo, llevándolas del concepto a la práctica dentro de su entorno laboral.

Mi enfoque integra lo humano con lo empresarial, generando transformaciones que no solo se sienten en las personas, sino que también se reflejan en los resultados del equipo.

Contacto: www.coacheduardo.pe","11 yrs 7 mos","Self-employed","Present",,"Provincia de Lima","Coach",,"Liderazgo humano","Inteligencia emocional","Formación y desarrollo","Gestión cultural","Comunicación asertiva","Empoderamiento de equipos",,,,,,,"Nov","Nov 2014","2014",,"4659","4911","Desarrollo de liderazgo • Coaching • Trabajo en equipo","Muchas empresas intentan mejorar resultados trabajando en herramientas, procesos o equipos. Pero pocas miran la raíz real del problema: lo que el líder no ha trabajado en sí mismo.
 
Porque un líder no gestiona desde lo que sabe… gestiona desde lo que es.
Y cuando esa base no está bien trabajada —emocional, personal, profesional e internamente— ninguna herramienta se sostiene en el tiempo.
 
Ahí es donde trabajo.
 
Soy Coach Corporativo y acompaño a empresas a desarrollar líderes desde su dimensión personal, emocional y profesional, para que puedan gestionar mejor a sus equipos y generar resultados reales.
 
Mi enfoque parte de una idea simple, pero necesaria: no basta con enseñar herramientas, hay que trabajar sobre la persona que las usa.
 
Por eso, primero fortalecemos al líder —su claridad, su seguridad, su capacidad de comunicación y su gestión emocional— y luego incorporamos herramientas concretas de liderazgo, toma de decisiones y gestión de equipos.
 
¿Qué sucede cuando esto se hace bien?
• Los equipos dejan de operar desde el desgaste.
• Las conversaciones incómodas empiezan a suceder.
• Los líderes toman decisiones con mayor criterio.
• Mejora el compromiso y la colaboración.
• Los resultados dejan de depender del esfuerzo individual y se sostienen en el equipo.
 
Cuento con más de 11 años acompañando procesos de desarrollo en empresas, trabajando con líderes y equipos en distintos niveles de la organización.
Y si algo he aprendido en este camino, es que el liderazgo no falla por falta de herramientas, falla por lo que el líder no ha trabajado en sí mismo.
 
Si en tu equipo hay resultados que no están apareciendo, probablemente no sea un problema técnico.
 
Si esto te hace sentido, conversemos aquí en LinkedIn o por mi pagina web: www.coacheduardo.pe"
"Nancy","Fernandez","https://www.linkedin.com/in/nancy-fernandez-6629a196","Coach Ejecutivo |Directora independiente Consultora Senior | Gestión del Talento | Cambio Cultural y Liderazgo | Responsabilidad social",,,,,,,,,,"PE","Peru",,"Peru","PE","Peru",,,"Peru",,,,,,,,,,,,,,,,,,,,,,,,,,,,,,,,,,,,,,,,,,,,,,,,,,,,,,,,,,,,,,,,,,,,,,,,,,,,,,"https://www.linkedin.com/search/results/all/?keywords=Profesional+independiente",,,,,,,,,,,,"Freelance",,,"4 yrs 5 mos",,"Present",,,"Coach Ejecutivo y Consultora independiente en Gestion del Talento",,,,,,,,,,,,,,"Jan","Jan 2022","2022",,"1090","1192",,"Ejecutiva Senior con más de 25 años de experiencia en estrategia organizacional y del talento humano, así 
como en procesos de cambio cultural, liderazgo y en el desarrollo de procesos y equipos.

Master en dirección estratégica de Recursos Humanos. Asertiva, empática, con gran capacidad de negociación e influencia, generando confianza en diferentes niveles de la organización."
"Carla","Bocanegra","https://www.linkedin.com/in/carlabocanegra","Bióloga | Neuroeducadora | Master Coach ICF Académica | Especialista TDAH & Funciones Ejecutivas | Fundadora de Time4Learning CB | Podcaster en #YoTeEscucho | Capacitadora",,,,,,,,,,"PE","Peru",,"Peru","PE","Peru",,,"Peru",,,,,,,,,,,,,,,,,,,,,,,,,,,,,,,,,,,,,,,,,,,,,,,,,,,,,,,,,,,,,,,,,,,,,,,,,,,,,,"https://www.linkedin.com/search/results/all/?keywords=TIME+4+LEARNING+BY+CB",,,,,,,,,,,,"TIME 4 LEARNING BY CB",,"Asesoría educativa privada para pre-adolescentes y adolescentes regulares, DEA y alto rendimiento en inglés y español en el área de las Ciencias.
Coaching Educativo para adolescentes y pre-adolescentes con DEA
Asesoría educativa privada para universitarios en el área de las Ciencias.
Capacitación docente.","8 yrs 5 mos",,"Present",,"Province of Lima, Peru","NEUROEDUCADORA, COACH EDUCATIVA, CAPACITADORA Y ASESORA EDUCATIVA ",,"Enseñanza del inglés como lengua extranjera","Aptitudes para la supervisión","Psicología","Coaching","Psicopedagogía","Compromiso","Pedagogía",,,,,,"Jan","Jan 2018","2018",,"610","835",,"🔹 Hago visible lo invisible en PRO de la educación.
Soy Neuroeducadora y Coach en Funciones Ejecutivas especializada en ayudar a adolescentes, adultos y familias con TDAH y DEA a desarrollar estrategias para mejorar su aprendizaje, organización y bienestar. Mi propósito es fortalecer el autoconcepto e incrementar la fuerza de voluntad para que sean exitosos en sus diversas áreas de vida.

🎯 Como fundadora de Time4Learning CB y adulto TDAH me comprometo en brindar servicios neuroeducativos y cognitivos que ayuden a la búsqueda, el conocimiento, la reflexión y toma eficiente/efectiva de decisiones para favorecer su día a día tanto a nuestros tutoriados/coachée como a sus familias.

🔊También soy Capacitadora en neuroeducación, inclusión educativa y funciones ejecutivas. Además, desde YoTeEscucho🎙️Neuropodcast brindo de manera gratuita los mejores temas de educación/psicología/coaching que los padres y docentes desean conocer junto con el acompañamiento altruista de grandes invitados que desde su experiencia comparten consejos y sugerencias.

📌 Experiencia:
✅ Más de 15 años de enseñanza en la Educación Inclusiva y Neuroeducación
✅ Experiencia en las áreas de Matemática, Biología y Química para primaria y secundaria.
✅ Experiencia en la enseñanza regular y en Bachillerato Internacional (IB)
✅ Capacitadora para padres y docentes.
✅ Capacitadora en Funciones Ejecutivas para jóvenes, adolescentes y adultos.

📚 Formación:
🎓 Máster en Educación | Universidad Internacional Iberoamericana de México
🎓 Máster en Coaching Ontológico y Sistémico - ICF | Escuela Internacional de Coaching (España)
🎓 Diplomado en Neuroeducación | Universidad Nacional Villa María (Argentina)
🎓 Diplomado en Abordaje Cognitivo Conductual en Niños y Adolescentes | Universidad Científica del Sur
🎓 Diplomado en Dirección y Gestión de Institucines Educativas | Universidad de Piura

🔗 Conectemos: Siempre busco colaborar con profesionales que comparten mi visión. ¡Escríbeme!"
"Enzo ","Pimentel Bernal","https://www.linkedin.com/in/enzopimentelbernal","Coach, Capacitador, Terapeuta Senior. Especialista en Habilidades Blandas/Soft Skills, Inteligencia Emocional y Terapia Racional Emotiva Conductual TREC",,,,,,,,,,"PE","Peru",,"Peru","PE","Peru",,,"Peru",,,,,,,,,,,,,,,,,,,,,,,,,,,,,,,,,,,,,,,,,,,,,,,,,,,,,,,,,,,,,,,,,,,,,,,,,,,,,,"https://www.linkedin.com/search/results/all/?keywords=Planeta+Emocional+-+Enzo+Pimentel+Bernal+y+Luc%C3%ADa+Oronoz+Urroz",,,,,,,,,,,,"Planeta Emocional - Enzo Pimentel Bernal y Lucía Oronoz Urroz",,"Coach para Equipos y para Ejecutivos, con experiencia en procesos de coaching ejecutivo y de equipos. Atendiendo clientes corporativos como: Siemens Healthcare y Siemens Energy, INTERBANK, INCOT Constructores SAC, Farmacias Peruanas,

Terapeuta Emocional, comprometido con el desarrollo, crecimiento y fortalecimiento cognitivo, emocional y conductual que permita a las personas (adolescentes, jóvenes, adultos, parejas, familias, padres y madres) alcanzar un equlibrio y bienestar posible, real y sostenible en sus vidas, en lo emocional, como base y principio para la vida plena, saludable y equilibrada. A eso le llamo: calidad de vida emocional.","27 yrs",,"Present",,"Allí, donde tú o tu empresa me necesiten","Terapeuta Emocional - Coach Ejecutivo y Para Equipos - Capacitador Senior",,,,,,,,,,,,,,"Jun","Jun 1999","1999",,"583","724",,"Terapeuta Emocional y Coach  Ejecutivo y Para Equipos, especializado en procesos de desarrollo personal, familiar, de parejas, adolescentes y coaching ejecutivo; así como en desarrollo de habilidades blandas. 
Especializado en Terapia Racional Emocional Conductual TREC, con doble certificación: Certificado en Rational Emotive and Cognitive Behavioral Therapy por The Albert Ellis Institute (N.Y., EEUU) y Certificado en Life Coach – TREC por el Instituto de Terapia Racional Emotiva- ITRE (Lima, Perú).

Servicios de asesoría y consultoría en desarrollo de habilidades blandas, gestión del talento humano, desarrollo organizacional, programa de desarrollo de líderes, clima organizacional, servicio al cliente, desarrollo personal, desarrollo emocional, servicio, entre otros.

Facilitador en procesos de capacitación en temas relacionados a habilidades blandas para colaboradores de empresas privadas.

Consultor empresarial en gestión del talento humano, marketing, investigación de mercados, comunicación, servicio y atención al cliente, con 30 años de experiencia profesional.

Facilitador – Capacitador de procesos de formación en gestión del talento humano, gestión emocional, manejo de conflictos, liderazgo, equipos, desarrollo personal, gestión de personas, atención al cliente, cultura organizacional, y más. 

Experiencia en la aplicación del coaching, la comunicación y la gestión del talento humano, los que me permiten desempeñarse en proyectos, tanto para el sector empresarial, como para el sector de proyectos sociales y de desarrollo, así como para el sector educativo. 

Con servicios brindados a empresas como LATAM Airlines, SIEMENS Energy, SIEMENS Industrial, SIEMENS HEALTHINEERS, INTERBANK, Farmacias Peruanas, Hoteles Libertador-Westin, PUCP, Natura Cosméticos, BBVA, entre otros.
Docente en educación superior con 26 años de experiencia formativa en diversas instituciones como UCAL, UPC, Universodad San Martin - Maestría en Solución de Conflictos; IPP, Instituto de la Cámara de Comercio de Lima ICAM, Toulouse Lautrec, IPAE, Universidad Continental, ISIL, entre otros."
"Inés","Torrico Méndez","https://www.linkedin.com/in/inés-torrico-méndez","Directora General de Intercoach Group, Consultora y Escuela de Formaciòn en  Coaching.    Presidenta de ICF Capítulo Perú  2020-2022",,"false","true","itorrico@intercoachgroup.com",,"false","80","valid","true","PE","Peru",,"Peru","PE","Peru",,,"Peru","true",,"false","https://media.licdn.com/dms/image/v2/C4E1BAQE6EuouVDfzfw/company-background_10000/company-background_10000/0/1595688986494/intercoach_group__mariano_vazquez_cover?e=1779145200&v=beta&t=SospdNxNYQZobTlb-0qzJFpcu4LDOuElTSQEOaPJ2k4","315","https://media.licdn.com/dms/image/v2/C4E1BAQE6EuouVDfzfw/company-background_10000/company-background_10000/0/1595688986494/intercoach_group__mariano_vazquez_cover?e=1779145200&v=beta&t=SospdNxNYQZobTlb-0qzJFpcu4LDOuElTSQEOaPJ2k4","851","148","https://media.licdn.com/dms/image/v2/C4E1BAQE6EuouVDfzfw/company-background_400/company-background_400/0/1595688986494/intercoach_group__mariano_vazquez_cover?e=1779145200&v=beta&t=5oaAvVV_mkuMZfGC06Qhnwm6LEQSgZmej9Am93ihKdc","400","74","https://media.licdn.com/dms/image/v2/C4E1BAQE6EuouVDfzfw/company-background_200/company-background_200/0/1595688986494/intercoach_group__mariano_vazquez_cover?e=1779145200&v=beta&t=ORje6ySBVDYVV3szflOQFcV49CnxHAwfw6M2knFaMoc","200","http://www.intercoachgroup.com/","Nuestra Visión: ""Ampliar el nivel de conciencia en el ser humano para que viva en plenitud, creando transformaciones en él y en su entorno"". ","15","10","2","1778",,,,"2003",,"10572941","Education > Higher Education","68","Higher Education","Higher Education","urn:li:fsd_industry:68","https://www.linkedin.com/jobs/search?geoId=92000000&f_C=10572941","https://www.linkedin.com/company/intercoach-group/","Perú","PE","Perú","Lima","false","Lima,Perú",,,"Peru","PE","Peru",,,"Peru",,"https://media.licdn.com/dms/image/v2/D4E0BAQHg0HuKwdBPMQ/company-logo_400_400/company-logo_400_400/0/1705489425492/intercoach_group__mariano_vazquez_logo?e=1779926400&v=beta&t=-cBXyT_-LY30oT-T_yj4QxpLllO5pOXjScIImQ34TWI","400","https://media.licdn.com/dms/image/v2/D4E0BAQHg0HuKwdBPMQ/company-logo_400_400/company-logo_400_400/0/1705489425492/intercoach_group__mariano_vazquez_logo?e=1779926400&v=beta&t=-cBXyT_-LY30oT-T_yj4QxpLllO5pOXjScIImQ34TWI","400","200","https://media.licdn.com/dms/image/v2/D4E0BAQHg0HuKwdBPMQ/company-logo_200_200/company-logo_200_200/0/1705489425492/intercoach_group__mariano_vazquez_logo?e=1779926400&v=beta&t=ZPSm2hl5YS9r5mZXKZyKbZJf2ECbvL26-mEPcB1GzT4","200","100","https://media.licdn.com/dms/image/v2/D4E0BAQHg0HuKwdBPMQ/company-logo_100_100/company-logo_100_100/0/1705489425492/intercoach_group__mariano_vazquez_logo?e=1779926400&v=beta&t=vFDVCKeuQa5zm91zzSE5_JLbLitZ2vXWrXlg81DReCw","100","Intercoach Group","COMPANY","false",,,"+51999915143","Programa de Coaching Profesional","Programa de Coaching Organizacional y Liderazgo",,,,,,,,,"""Dejamos huella en cada vida que tocamos"". Transformamos Vidas.","intercoach-group","http://www.intercoachgroup.com/","10572941","https://www.linkedin.com/company/intercoach-group/",,"400","https://media.licdn.com/dms/image/v2/D4E0BAQHg0HuKwdBPMQ/company-logo_400_400/company-logo_400_400/0/1705489425492/intercoach_group__mariano_vazquez_logo?e=1779926400&v=beta&t=-cBXyT_-LY30oT-T_yj4QxpLllO5pOXjScIImQ34TWI","400","200","https://media.licdn.com/dms/image/v2/D4E0BAQHg0HuKwdBPMQ/company-logo_200_200/company-logo_200_200/0/1705489425492/intercoach_group__mariano_vazquez_logo?e=1779926400&v=beta&t=ZPSm2hl5YS9r5mZXKZyKbZJf2ECbvL26-mEPcB1GzT4","200","100","https://media.licdn.com/dms/image/v2/D4E0BAQHg0HuKwdBPMQ/company-logo_100_100/company-logo_100_100/0/1705489425492/intercoach_group__mariano_vazquez_logo?e=1779926400&v=beta&t=vFDVCKeuQa5zm91zzSE5_JLbLitZ2vXWrXlg81DReCw","100","https://media.licdn.com/dms/image/v2/D4E0BAQHg0HuKwdBPMQ/company-logo_400_400/company-logo_400_400/0/1705489425492/intercoach_group__mariano_vazquez_logo?e=1779926400&v=beta&t=-cBXyT_-LY30oT-T_yj4QxpLllO5pOXjScIImQ34TWI","Intercoach Group- Mariano Vazquez","intercoach-group","64  Ediciones de  Formación en Coaching  Ontológico Profesional en Latinoamerica.","14 yrs 5 mos",,"Present",,"Lima, Perú","Directora  General de  Intercoach Group",,,,,,,,,,,,,,,"2012","2012",,"4885","5231",,"Soy Coach PCC  acreditada por la ICF,  y por la  ICC. Con una trayectoria de más de 14 años en el mundo del coaching, he tenido el privilegio de trabajar con una amplia variedad de personas y organizaciones, ayudándolas a alcanzar sus objetivos y desbloquear su máximo potencial. Mi formación en Intercoach Group me ha brindado los recursos, competencias  y el conocimiento necesarios para acompañar a mis clientes en su viaje hacia el crecimiento y desarrollo."
"Rosa","Portilla Barreto","https://www.linkedin.com/in/rosaportillabarreto","Talent Acquisition Lead | ✪LION 22K| Psychologist Ψ | Human Resources | Headhunter Latam | Agile Recruiter | 📢 Speaker & Coach Employability 🔝 🔍💡Talent Attraction | Digital Talent | Cultural Transformation |",,"false","true","rosa.portilla@adecco.com",,"false","90","valid","true","PE","Lima Metropolitan Area","Lima","Peru","PE","Peru",,"Lima","Lima, Peru","true",,"false","https://media.licdn.com/dms/image/v2/D4E1BAQFYZ-_vuiMwQA/company-background_10000/B4EZ0qTB69HUAU-/0/1774531125323/adecco_cover?e=1779145200&v=beta&t=6A80kSN11iyz5CM8wfx2zbxGD1pS7_f7_PdC9bmPj4M","191","https://media.licdn.com/dms/image/v2/D4E1BAQFYZ-_vuiMwQA/company-background_10000/B4EZ0qTB69HUAU-/0/1774531125323/adecco_cover?e=1779145200&v=beta&t=6A80kSN11iyz5CM8wfx2zbxGD1pS7_f7_PdC9bmPj4M","1128","67","https://media.licdn.com/dms/image/v2/D4E1BAQFYZ-_vuiMwQA/company-background_400/B4EZ0qTB69HUAY-/0/1774531125323/adecco_cover?e=1779145200&v=beta&t=wmxYxhYi4Z_t_87JT7waeJeQRzhLrLJFbZ8iv7Vpuek","400","33","https://media.licdn.com/dms/image/v2/D4E1BAQFYZ-_vuiMwQA/company-background_200/B4EZ0qTB69HUAc-/0/1774531125323/adecco_cover?e=1779145200&v=beta&t=EK7cUJpktah_f9mHnmcLauGFqUf48mToInlqNt_cJ-k","200","https://www.adecco.com","Perfect placements. Speedy staffing. Tenacious testing. Who’s Adecco, we hear you ask? Only the top provider of first-class HR solutions. Our consultants work with some of the best, and most exciting, companies all over the world. We equip our clients with priceless industry insight and put everything we’ve got into training and mentoring our candidates. 

We’re here to match talented people with the job opportunities and employers they’re looking for. On any given day we connect over 700,000 people with fulfilling opportunities that make the most of their skills now and enable them to develop new expertise for the future.","206224",,"10001","10014265",,,,,,"1104359","Administrative and Support Services > Staffing and Recruiting","104","Staffing & Recruiting","Staffing and Recruiting","urn:li:fsd_industry:104","https://www.linkedin.com/jobs/search?geoId=92000000&f_C=1104359%2C598768","https://www.linkedin.com/company/adecco/","Ebène, Mauritius","MU","Adecco Mauritius","Plaines Wilhems","false","Ebène Junction ","Suite 011","Ebene","Mauritius","MU","Mauritius",,"Plaines Wilhems District","Ebene, Mauritius",,"https://media.licdn.com/dms/image/v2/D4E0BAQHIOSAvwrp4fQ/company-logo_400_400/B4EZzRec1WJUAY-/0/1773040946862/adecco_logo?e=1779926400&v=beta&t=oNk2F8zW9HfxScfgCYKYslfBivy2fCCSNtZo8Amt0AQ","400","https://media.licdn.com/dms/image/v2/D4E0BAQHIOSAvwrp4fQ/company-logo_400_400/B4EZzRec1WJUAY-/0/1773040946862/adecco_logo?e=1779926400&v=beta&t=oNk2F8zW9HfxScfgCYKYslfBivy2fCCSNtZo8Amt0AQ","400","200","https://media.licdn.com/dms/image/v2/D4E0BAQHIOSAvwrp4fQ/company-logo_200_200/B4EZzRec1WJUAI-/0/1773040946862/adecco_logo?e=1779926400&v=beta&t=thiCnwjfreUxFheVfq0dFjnj9n3XNmLLudmChHj52tU","200","100","https://media.licdn.com/dms/image/v2/D4E0BAQHIOSAvwrp4fQ/company-logo_100_100/B4EZzRec1WJUAQ-/0/1773040946861/adecco_logo?e=1779926400&v=beta&t=HhskyfD_kPJHYYikwkdWGxKaIlYYB3SdfFTdfBtLMSk","100","Adecco","COMPANY","true",,,,"Workforce solutions","HR services","Human resources","Staffing","Recruiting","Recruitment",,,,,,"adecco","https://www.adecco.com","1104359","https://www.linkedin.com/company/adecco/",,"400","https://media.licdn.com/dms/image/v2/D4E0BAQHIOSAvwrp4fQ/company-logo_400_400/B4EZzRec1WJUAY-/0/1773040946862/adecco_logo?e=1779926400&v=beta&t=oNk2F8zW9HfxScfgCYKYslfBivy2fCCSNtZo8Amt0AQ","400","200","https://media.licdn.com/dms/image/v2/D4E0BAQHIOSAvwrp4fQ/company-logo_200_200/B4EZzRec1WJUAI-/0/1773040946862/adecco_logo?e=1779926400&v=beta&t=thiCnwjfreUxFheVfq0dFjnj9n3XNmLLudmChHj52tU","200","100","https://media.licdn.com/dms/image/v2/D4E0BAQHIOSAvwrp4fQ/company-logo_100_100/B4EZzRec1WJUAQ-/0/1773040946861/adecco_logo?e=1779926400&v=beta&t=HhskyfD_kPJHYYikwkdWGxKaIlYYB3SdfFTdfBtLMSk","100","https://media.licdn.com/dms/image/v2/D4E0BAQHIOSAvwrp4fQ/company-logo_400_400/B4EZzRec1WJUAY-/0/1773040946862/adecco_logo?e=1779926400&v=beta&t=oNk2F8zW9HfxScfgCYKYslfBivy2fCCSNtZo8Amt0AQ","Adecco","adecco"," Manage end-to-end IT recruitment: profile definition, sourcing, interviews, coordination, and reporting.
 Maintain candidate pipeline and recruitment KPIs; monitor tech market trends.","1 yr 8 mos","Full-time","Present",,"Lima, Perú","IT Talent Acquisition Lead",,,,,,,,,,,,,,"Oct","Oct 2024","2024","Remote","19832","24320","Contratación de personal • Recruiting • Recursos humanos • Psicología • Selección de candidatos","HR Business Partner  | Talent Acquisition Lead | Senior Headhunter | Full-Cycle IT Recruitment | LATAM | Agile HR | Executive | Tech Hiring

Especialista en:  
• Executive Headhunting  | Talent Acquisition Metrics
• Full-Cycle Recruitment  | Tech Recruitment
• Competency-Based Interviews (STAR) 
• ATS (SuccessFactors, GOM) 
• LinkedIn Recruiter & Boolean Search 
• Recruitment KPIs & Analytics 
• Agile HR (Scrum, OKR, Design Thinking) 
• Recruitment Strategy | End to End Recruitment
• Market Mapping & Sourcing Strategy
• Recruitment KPIs & Analytics 
•	Assessment center y dinámicas grupales
• Evaluación psicológica y psicométrica
• Stakeholder Management
• Hiring Managers | Employer Branding | Hiring KPIs

Seguimiento y análisis de KPIs: SLA Compliance, Quality of Hire, Candidate Experience y Hiring Manager Satisfaction, Time to Fill, Time to Hire. 

Reclutamiento y Selección end to end 
Capacitación, Inducción y Desarrollo 
Incorporación y Onboarding estratégico 
Clima y Cultura Organizacional 
Comunicación Interna y Engagement 
Desarrollo y Gestión del Desempeño 

☞Plataformas de reclutamiento: LinkedIn, Hiring Room, Krowdy, GetOnBoard
✎Herramientas ATS: SAP SuccessFactors, GOM (IBM), otras

▶Entrevistas por competencias (Método STAR)
▶Empleabilidad

✅️ Human Resources Business Partner, Recursos Humanos · Strategic HR · Talent Management · HR Analytics · Change Management · Employee Experience · Organizational Development · Leadership Advisory & Coaching

| Strategic People Partner | Advisor to Leaders | Talent,Development, Clima, Culture & Performance | Data-Driven HR
•Decision Making
• Perfomance Management

🔥 KPIs 
📊 Especialista en Reclutamiento | +90 vacantes cubiertas/año | 
⏱️ Time to fill promedio: 19 días | 
⏱️ Time to Hire: optimización del proceso en –25%. 
🎯⭐ 95% éxito en periodo de prueba | 
📌 SLA cumplido en 95% 
🔎 Procesos masivos y especializados | Entrevistas por competencias 
🔄 Rotación temprana: –28% 
🤝 Satisfacción del cliente interno: 4.5/5 
📈 Cobertura de vacantes: 95–100% de cumplimiento mensual. 
🔄 Vacantes simultáneas: gestión de 15–40 procesos activos. 
👥 Vacantes cubiertas: 60–120 posiciones/año. 
🏃‍♀️ Procesos masivos: cobertura de 20–50 ingresos/mes. 
📞 Screening telefónico: 15–25 entrevistas/día. 
🎯 Ajuste perfil–cultura: alto match validado por líderes. 
LinkedIn: 45–60% de contrataciones 
💰 Optimización de costos: reducción del 30% en uso de consultoras externas. 
📢 Employer Branding: aumento del engagement y postulaciones calificadas. 
🧠 Asesoría a líderes en definición y ajuste de perfiles críticos."
"Miguel Jefferson","Alberca ","https://www.linkedin.com/in/miguel-alberca","Master’s Candidate in Data Analytics & AI / Data Analyst Senior / Data Governance / Executive Member Dama Perú / Data Engineer / Functional Analyst / Functional Data Coach / System Analyst",,"true",,"miguel.alberca@indragroup.com",,"false","60","risky","true","PE","Peru",,"Peru","PE","Peru",,,"Peru","true",,"false","https://media.licdn.com/dms/image/v2/D4E1BAQFSDkPkoF3V7w/company-background_10000/B4EZvlMU3THIAU-/0/1769076773788/indra_cover?e=1779145200&v=beta&t=tX6rP_veQBxXvkvGPFvxiM8K9tXsJkwxhBry4wGC1qw","191","https://media.licdn.com/dms/image/v2/D4E1BAQFSDkPkoF3V7w/company-background_10000/B4EZvlMU3THIAU-/0/1769076773788/indra_cover?e=1779145200&v=beta&t=tX6rP_veQBxXvkvGPFvxiM8K9tXsJkwxhBry4wGC1qw","1128","68","https://media.licdn.com/dms/image/v2/D4E1BAQFSDkPkoF3V7w/company-background_400/B4EZvlMU3THIAY-/0/1769076773789/indra_cover?e=1779145200&v=beta&t=ur_Gk7x84dYaz3h6ctEtt2a_r4MJaecwn6ZzAtmYO2Y","400","34","https://media.licdn.com/dms/image/v2/D4E1BAQFSDkPkoF3V7w/company-background_200/B4EZvlMU3THIAc-/0/1769076773789/indra_cover?e=1779145200&v=beta&t=nIeVX4NS1LV-2I7VyYGhRffF-ERdgB8ZnzubW9pznYQ","200","https://www.indragroup.com/es","Indra Group (https://www.indragroup.com/) is the foremost Spanish multinational and one of the leading European companies that focus on defence and advanced technologies. It stands at the forefront of the defence, space, air traffic management, mobility, and Information Technology businesses through Minsait, and it integrates its sovereign AI, cybersecurity and cyberdefence capabilities into IndraMind. Indra Group is paving the way to a more secure and better-connected future through innovative solutions, trusted relationships and the very best talent. Sustainability is an integral part of its strategy and culture in order to overcome current and future social and environmental challenges. At the close of the 2024 financial year, Indra Group posted revenues of €4.843 billion and had a local presence in 46 countries and business operations in over 140 countries.","40681",,"10001","1230134",,,,,,"4230","Manufacturing > Transportation Equipment Manufacturing > Defense and Space Manufacturing","1","Defense & Space","Defense and Space Manufacturing","urn:li:fsd_industry:1","https://www.linkedin.com/jobs/search?geoId=92000000&f_C=4230","https://www.linkedin.com/company/indragroupglobal/","Madrid","ES",,"Madrid","true","Avda. Bruselas, 35","Alcobendas","Madrid","Spain","ES","Spain",,"Madrid","Madrid, Spain","28108","https://media.licdn.com/dms/image/v2/D4E0BAQHSlVRm-lXQ6A/company-logo_400_400/B4EZv5q2QtHkAY-/0/1769420320851/indragroupglobal_logo?e=1779926400&v=beta&t=dDpAFYLJqXhknXIN1GOlCVWXdLgwSdJpcudtWhqPEt8","400","https://media.licdn.com/dms/image/v2/D4E0BAQHSlVRm-lXQ6A/company-logo_400_400/B4EZv5q2QtHkAY-/0/1769420320851/indragroupglobal_logo?e=1779926400&v=beta&t=dDpAFYLJqXhknXIN1GOlCVWXdLgwSdJpcudtWhqPEt8","400","200","https://media.licdn.com/dms/image/v2/D4E0BAQHSlVRm-lXQ6A/company-logo_200_200/B4EZv5q2QtHkAI-/0/1769420320851/indragroupglobal_logo?e=1779926400&v=beta&t=E9ilQ54AVh9QXT216Hm10vy2IxmT1ALDCiJ-NG2f8i0","200","100","https://media.licdn.com/dms/image/v2/D4E0BAQHSlVRm-lXQ6A/company-logo_100_100/B4EZv5q2QtHkAQ-/0/1769420320851/indragroupglobal_logo?e=1779926400&v=beta&t=lcUThQChl77M_z8WxrgigcqGFK0xQ8_ZtJP47iN4lY4","100","Indra Group","COMPANY","true",,,,"Tecnologías de la Información","Consultoría","Defensa","Transporte","Tráfico Áreo","Ciberseguridad","Transformación Digital","Ingeniería tecnológica","Aviación","Movilidad",,"indragroupglobal","https://www.indragroup.com/es","4230","https://www.linkedin.com/company/indragroupglobal/",,"400","https://media.licdn.com/dms/image/v2/D4E0BAQHSlVRm-lXQ6A/company-logo_400_400/B4EZv5q2QtHkAY-/0/1769420320851/indragroupglobal_logo?e=1779926400&v=beta&t=dDpAFYLJqXhknXIN1GOlCVWXdLgwSdJpcudtWhqPEt8","400","200","https://media.licdn.com/dms/image/v2/D4E0BAQHSlVRm-lXQ6A/company-logo_200_200/B4EZv5q2QtHkAI-/0/1769420320851/indragroupglobal_logo?e=1779926400&v=beta&t=E9ilQ54AVh9QXT216Hm10vy2IxmT1ALDCiJ-NG2f8i0","200","100","https://media.licdn.com/dms/image/v2/D4E0BAQHSlVRm-lXQ6A/company-logo_100_100/B4EZv5q2QtHkAQ-/0/1769420320851/indragroupglobal_logo?e=1779926400&v=beta&t=lcUThQChl77M_z8WxrgigcqGFK0xQ8_ZtJP47iN4lY4","100","https://media.licdn.com/dms/image/v2/D4E0BAQHSlVRm-lXQ6A/company-logo_400_400/B4EZv5q2QtHkAY-/0/1769420320851/indragroupglobal_logo?e=1779926400&v=beta&t=dDpAFYLJqXhknXIN1GOlCVWXdLgwSdJpcudtWhqPEt8","Indra","indragroupglobal","BBVA","4 yrs 11 mos","Full-time","Present",,,"Analista de datos senior / Coach functional Datio",,"Microsoft Excel","SQL",,,,,,,,,,,"Jul","Jul 2021","2021",,"639","644",,"Ingeniero de Sistemas titulado y Colegiado con CIP:368254, con más de 12 años de experiencia como Analista de Datos y BI senior en áreas de tecnología de información para el Sector Bancario y Telecomunicaciones, especializado  en desarrollo de aplicaciones, Base de Datos, Business Intelligence, Business Analytics, Arquitectura de datos en Big Data y Gobierno de datos. Poseo habilidades sólidas en documentación funcional y gestión de proyectos."
"Daphne","Castillo Ureña","https://www.linkedin.com/in/daphnecastillo","CMO | Coach Certificado en Liderazgo & Cambio
| Storytelling | Innovación | Marketing Holístico | CX | Equipos de alto rendimiento
| Startup Mentor",,"false","true","daphne.castillo@bctsconsulting.com",,"false","90","valid","true","PE","Peru",,"Peru","PE","Peru",,,"Peru","true",,"false","https://media.licdn.com/dms/image/v2/D4E1BAQFpjNm5pu-sug/company-background_10000/B4EZuaAtwcK4AU-/0/1767815437864/bctsconsulting_cover?e=1779145200&v=beta&t=4yl7owS21INvu65X9yy-kfQy9hJO_8leVwoVmpCUzVo","433","https://media.licdn.com/dms/image/v2/D4E1BAQFpjNm5pu-sug/company-background_10000/B4EZuaAtwcK4AU-/0/1767815437864/bctsconsulting_cover?e=1779145200&v=beta&t=4yl7owS21INvu65X9yy-kfQy9hJO_8leVwoVmpCUzVo","1423","121","https://media.licdn.com/dms/image/v2/D4E1BAQFpjNm5pu-sug/company-background_400/B4EZuaAtwcK4AY-/0/1767815437864/bctsconsulting_cover?e=1779145200&v=beta&t=v5XuNxIIJ79TUnVcEiodPGTg5SltJq_UIWUhw5HBgX0","400","60","https://media.licdn.com/dms/image/v2/D4E1BAQFpjNm5pu-sug/company-background_200/B4EZuaAtwcK4Ac-/0/1767815437864/bctsconsulting_cover?e=1779145200&v=beta&t=fC97o8Nr-3HguqoMFrSqFH6QlHw6Djx4uF1_kJUChsY","200","http://www.bctsconsulting.com","BCTS Consulting es una empresa regional que brinda servicios de consultoría, ayudamos a nuestros clientes a incrementar su rentabilidad y a desarrollar su competitividad futura a través de la aplicación de tecnologías innovadoras y procesos de gestión mejorados. Nuestras áreas de especialización comprenden soluciones de Business Intelligence (BI), Advanced Analytics, ERP, Business Process Management (BPM), CRM, Portales Corporativos, Content Management y Software de Infraestructura.

Los servicios y productos de BCTS Consulting están dirigidos a empresas locales medianas y grandes, entidades de gobierno y a las operaciones regionales de corporaciones multinacionales. Por más de 15 años hemos implementado soluciones de negocio en proyectos desarrollados en el Perú y en otros países de la región. Contamos con más de 120 clientes en diferentes sectores tales como Productos de Consumo, Banca y Finanzas, Energía, Textil, Telecomunicaciones, Servicios, Minería, Manufactura, Retail y Gobierno.","76","200","51","2974",,,,"2004",,"1352572","Professional Services > IT Services and IT Consulting","96","Information Technology & Services","IT Services and IT Consulting","urn:li:fsd_industry:96","https://www.linkedin.com/jobs/search?geoId=92000000&f_C=1352572","https://www.linkedin.com/company/bctsconsulting/","San Isidro","PE",,"Lima","true","Paz Soldán 170 - Piso 10",,"San Isidro","Peru","PE","Peru",,"Lima","San Isidro, Peru",,"https://media.licdn.com/dms/image/v2/C4E0BAQGIDW9BiAgxLg/company-logo_400_400/company-logo_400_400/0/1630577819039/bcts_consulting_logo?e=1779926400&v=beta&t=PLevXbP-eMvZ9kJObwv5xG1ohfjMrx5O0WuBKB2ogAs","400","https://media.licdn.com/dms/image/v2/C4E0BAQGIDW9BiAgxLg/company-logo_400_400/company-logo_400_400/0/1630577819039/bcts_consulting_logo?e=1779926400&v=beta&t=PLevXbP-eMvZ9kJObwv5xG1ohfjMrx5O0WuBKB2ogAs","400","200","https://media.licdn.com/dms/image/v2/C4E0BAQGIDW9BiAgxLg/company-logo_200_200/company-logo_200_200/0/1630577819039/bcts_consulting_logo?e=1779926400&v=beta&t=XC0pHuuywplxoBx7GE_19FkaOTOQ9V5qbpVz-Cu1yXY","200","100","https://media.licdn.com/dms/image/v2/C4E0BAQGIDW9BiAgxLg/company-logo_100_100/company-logo_100_100/0/1630577819039/bcts_consulting_logo?e=1779926400&v=beta&t=uTAZoqe8DDMhm6evQ0mZg7KbpPOLl1OU83JMea-j2-U","100","BCTS Consulting","COMPANY","false",,," +51 1 202-8800","Consulting","Technology","Software","Innovation",,,,,,,"Empresa regional líder en consultoría de Soluciones de Negocios basadas en Tecnologías de la Información.","bctsconsulting","http://www.bctsconsulting.com","1352572","https://www.linkedin.com/company/bctsconsulting/",,"400","https://media.licdn.com/dms/image/v2/C4E0BAQGIDW9BiAgxLg/company-logo_400_400/company-logo_400_400/0/1630577819039/bcts_consulting_logo?e=1779926400&v=beta&t=PLevXbP-eMvZ9kJObwv5xG1ohfjMrx5O0WuBKB2ogAs","400","200","https://media.licdn.com/dms/image/v2/C4E0BAQGIDW9BiAgxLg/company-logo_200_200/company-logo_200_200/0/1630577819039/bcts_consulting_logo?e=1779926400&v=beta&t=XC0pHuuywplxoBx7GE_19FkaOTOQ9V5qbpVz-Cu1yXY","200","100","https://media.licdn.com/dms/image/v2/C4E0BAQGIDW9BiAgxLg/company-logo_100_100/company-logo_100_100/0/1630577819039/bcts_consulting_logo?e=1779926400&v=beta&t=uTAZoqe8DDMhm6evQ0mZg7KbpPOLl1OU83JMea-j2-U","100","https://media.licdn.com/dms/image/v2/C4E0BAQGIDW9BiAgxLg/company-logo_400_400/company-logo_400_400/0/1630577819039/bcts_consulting_logo?e=1779926400&v=beta&t=PLevXbP-eMvZ9kJObwv5xG1ohfjMrx5O0WuBKB2ogAs","BCTS Consulting","bctsconsulting","Acompaño a BCTS Consulting en la generación y ejecución de iniciativas estratégicas de marketing con el fin de aportar el máximo valor a sus clientes a través de servicios consultoría experta y la aplicación de tecnologías innovadoras.

EXACTUS ERP | ADVANCED ANALYTICS | AGTECH | BPM | RPA | CONTENT MANAGEMENT | BI | WMS

Socios tecnológicos: Softland, Oracle, SAS, SAP, Agrivi, UIPath, OpenText, Ultimus, Infor","7 yrs 1 mo","Part-time","Present",,,"CMO",,"Marketing digital","Marketing estratégico","Marketing Analytics","CRM",,,,,,,,,"May","May 2019","2019","Hybrid","1837","2065",,"Knowmad con propósito, con una pasión por la innovación, la generación de valor y un enfoque decidido en la ejecución. He desarrollado la mayor parte de mi carrera en la intersección del marketing estratégico y las comunicaciones, las operaciones, la experiencia del cliente, la tecnología, el liderazgo y el lado humano del cambio.

Cuento con más de 25 años de experiencia liderando proyectos y equipos multiculturales en entornos disruptivos y de alto crecimiento, colaborando con empresas de diversas industrias, entre ellas CPG, Banca, Servicios de transacciones globales, Servicios profesionales, Educación, Turismo y Tecnología.

Además, soy coach en liderazgo certificada, mentora de startups y thought partner para empresas y firmas de consultoría de nicho, impulsando estrategias que conectan propósito, ejecución y creación de valor sostenible.

------

Purpose-driven knowmad with a passion for innovation, value generation, and execution, and over 25 years of experience leading across diverse company sizes, projects, and industries including CPG, Banking, Global Transaction Services, Professional Services, Education, Tourism, and Technology.

I’ve built my career at the intersection of strategic marketing and communications, operations, customer experience, technology, and the human side of change—leading projects and teams primarily in disruptive and high-growth environments.

I take a holistic approach to help businesses connect the dots, uncover innovative solutions to complex challenges, and deliver measurable impact—while empowering teams to embrace change and thrive in dynamic contexts. As a collaboration leader, I bring together internal teams and external partners to co-create across functions, geographies, and ecosystems.

I am also a certified leadership coach, startup mentor, and thought partner for companies and niche consulting firms.

Deeply committed to women’s rights, sustainability, STEAM education, creative industries, and social good initiatives, I strive to connect purpose-driven organizations with changemakers to build meaningful synergies and drive positive impact."
"Daniel","Jiménez Gamboa","https://www.linkedin.com/in/daniel-jiménez-gamboa-","Docente organizacional | Learning & Development Programs Analyst | Speaker & Consultor de empleabilidad| Banca & Seguros | Talento Humano| Facilitador |Ponente Universitario |",,,,,,,,,,"PE","Peru",,"Peru","PE","Peru",,,"Peru","true",,"false","https://media.licdn.com/dms/image/v2/D4E1BAQFQU6Azm4U_-Q/company-background_10000/B4EZxTYnZMI0AU-/0/1770925492958/universidad_continental_cover?e=1779145200&v=beta&t=S2TUKpgbnsOYR85uYoObbVJARsfjopsryhd-n9pQprI","796","https://media.licdn.com/dms/image/v2/D4E1BAQFQU6Azm4U_-Q/company-background_10000/B4EZxTYnZMI0AU-/0/1770925492958/universidad_continental_cover?e=1779145200&v=beta&t=S2TUKpgbnsOYR85uYoObbVJARsfjopsryhd-n9pQprI","4700","67","https://media.licdn.com/dms/image/v2/D4E1BAQFQU6Azm4U_-Q/company-background_400/B4EZxTYnZMI0AY-/0/1770925492959/universidad_continental_cover?e=1779145200&v=beta&t=QtdaR6BdfQMkDkO62ZE0SIZxaMqvyp1JUssn08fIX_0","400","33","https://media.licdn.com/dms/image/v2/D4E1BAQFQU6Azm4U_-Q/company-background_200/B4EZxTYnZMI0Ac-/0/1770925492958/universidad_continental_cover?e=1779145200&v=beta&t=Q1WQnTJXpGKux_b9l94hYQYHKAeQX_Zrp0F7QseFIW0","200","https://www.norenuncio.ucontinental.edu.pe","Somos una Universidad global, moderna, humanística y sistémica, que trabaja con constancia y sinérgicamente para la formación  integral de nuestros futuros profesionales.

Tenemos 5  facultades, las cuales cuentan con 26 carreras universitarias de gran demanda laboral que permitirán a los jóvenes ser parte de una de las mejores universidades del país.","5622","1000","501","121636",,,,"1998",,"714241","Education > Higher Education","68","Higher Education","Higher Education","urn:li:fsd_industry:68","https://www.linkedin.com/jobs/search?geoId=92000000&f_C=714241","https://www.linkedin.com/school/universidad-continental/","Huancayo","PE","Campus Huancayo","Junin","false","Junín: Av. San Carlos 1980 - Huancayo.",,"Huancayo","Peru","PE","Peru",,"Junín","Huancayo, Peru","12000","https://media.licdn.com/dms/image/v2/D560BAQH5a7NstPNFRg/company-logo_400_400/company-logo_400_400/0/1707176695910/universidad_continental_logo?e=1779926400&v=beta&t=Lrpmh1QCwntITBjUubLAQ2fVL8Q4k2To4vhCzedD1CA","400","https://media.licdn.com/dms/image/v2/D560BAQH5a7NstPNFRg/company-logo_400_400/company-logo_400_400/0/1707176695910/universidad_continental_logo?e=1779926400&v=beta&t=Lrpmh1QCwntITBjUubLAQ2fVL8Q4k2To4vhCzedD1CA","400","200","https://media.licdn.com/dms/image/v2/D560BAQH5a7NstPNFRg/company-logo_200_200/company-logo_200_200/0/1707176695910/universidad_continental_logo?e=1779926400&v=beta&t=T7K7lxP0Lp9bSPbVJoMeXuEG4kEj0xrr4AhjlxEOhHM","200","100","https://media.licdn.com/dms/image/v2/D560BAQH5a7NstPNFRg/company-logo_100_100/company-logo_100_100/0/1707176695910/universidad_continental_logo?e=1779926400&v=beta&t=adR_GaABv7taAC7nBOaGE8N2S9dxvZjXzANkxJhkWL0","100","Universidad Continental","SCHOOL","true",,,"(064)481430",,,,,,,,,,,"En la Universidad Continental #TeAcercamosElMundo. Tú eliges tu futuro internacional. 🌍✨","universidad-continental","http://ucontinental.edu.pe","714241","https://www.linkedin.com/company/714241/",,"400","https://media.licdn.com/dms/image/v2/D560BAQH5a7NstPNFRg/company-logo_400_400/company-logo_400_400/0/1707176695910/universidad_continental_logo?e=1779926400&v=beta&t=Lrpmh1QCwntITBjUubLAQ2fVL8Q4k2To4vhCzedD1CA","400","200","https://media.licdn.com/dms/image/v2/D560BAQH5a7NstPNFRg/company-logo_200_200/company-logo_200_200/0/1707176695910/universidad_continental_logo?e=1779926400&v=beta&t=T7K7lxP0Lp9bSPbVJoMeXuEG4kEj0xrr4AhjlxEOhHM","200","100","https://media.licdn.com/dms/image/v2/D560BAQH5a7NstPNFRg/company-logo_100_100/company-logo_100_100/0/1707176695910/universidad_continental_logo?e=1779926400&v=beta&t=adR_GaABv7taAC7nBOaGE8N2S9dxvZjXzANkxJhkWL0","100","https://media.licdn.com/dms/image/v2/D560BAQH5a7NstPNFRg/company-logo_400_400/company-logo_400_400/0/1707176695910/universidad_continental_logo?e=1779926400&v=beta&t=Lrpmh1QCwntITBjUubLAQ2fVL8Q4k2To4vhCzedD1CA","Universidad Continental",,,"1 mo","Part-time","Present",,,"Mentor de estudiantes",,,,,,,,,,,,,,"May","May 2026","2026",,"1128","1288",,"Soy especialista en Aprendizaje y Desarrollo del Talento, con sólida experiencia en banca, seguros y retail. A lo largo de mi carrera he liderado programas de formación en soft skills, cultura organizacional y procesos de ventas y soft skills para equipos y líderes.

Mi trayectoria en los bancos más importantes del Perú y en empresas del sector retail me ha permitido comprender distintas realidades organizacionales y diseñar soluciones de capacitación adaptadas a cada contexto.

Creo firmemente que formar no es solo enseñar, es despertar lo mejor de las personas, combinando estrategia, empatía y acción para impulsar el talento y transformar equipos."
"Patricia","Mosto Gonzales Vigil","https://www.linkedin.com/in/patricia-mosto-gonzales-vigil-87025952","Docente Universitario / Coach Ontológico / Coach Deportivo / Gerente Adjunto de Gestión Humana / Gerente Adjunto de Negocios / Gerente Adjunto de Marketing",,,,,,,,,,"PE","Peru",,"Peru","PE","Peru",,,"Peru","true",,"false","https://media.licdn.com/dms/image/v2/D4E1BAQGwh_A8XBYxYA/company-background_10000/company-background_10000/0/1689357430405/patricia_mosto_coach_ontolgico_transpersonal_cover?e=1779145200&v=beta&t=z5Mm2Yd-kMtUNzyTdGw1Q4E_zG7ho0UYAp4ib1L2HeA","1348","https://media.licdn.com/dms/image/v2/D4E1BAQGwh_A8XBYxYA/company-background_10000/company-background_10000/0/1689357430405/patricia_mosto_coach_ontolgico_transpersonal_cover?e=1779145200&v=beta&t=z5Mm2Yd-kMtUNzyTdGw1Q4E_zG7ho0UYAp4ib1L2HeA","2048","263","https://media.licdn.com/dms/image/v2/D4E1BAQGwh_A8XBYxYA/company-background_400/company-background_400/0/1689357430405/patricia_mosto_coach_ontolgico_transpersonal_cover?e=1779145200&v=beta&t=iSuDznhjPRJru6g6btUQpZRHrsezWufoCzvcAeIwaPQ","400","131","https://media.licdn.com/dms/image/v2/D4E1BAQGwh_A8XBYxYA/company-background_200/company-background_200/0/1689357430405/patricia_mosto_coach_ontolgico_transpersonal_cover?e=1779145200&v=beta&t=i6c_QCxma5vNMDl4AVX2WyyKAn3mgB2O5cPpljqwfyE","200","https://patriciamosto.com/transformacion-personal","Acompañamos, de manera individual y grupal, al desarrollo de distintas habilidades blandas hacia el logro de nuevos resultados.","1","10","2","46",,,,"2021",,"98306021","Professional Services > Business Consulting and Services","11","Management Consulting","Business Consulting and Services","urn:li:fsd_industry:11","https://www.linkedin.com/jobs/search?geoId=92000000&f_C=98306021","https://www.linkedin.com/company/patricia-mosto-coach-ontol%C3%B3gico-transpersonal/","Lima","PE","Sede","Lima","true",,,"Lima","Peru","PE","Peru",,"Lima","Lima, Peru","","https://media.licdn.com/dms/image/v2/D4E0BAQHrU3MFZKqtMA/company-logo_400_400/company-logo_400_400/0/1689357552886/patricia_mosto_coach_ontolgico_transpersonal_logo?e=1779926400&v=beta&t=8mwIOQWU8k4_Bk5fCyw0ZFtrklnHDUvhTH7LKecB_zQ","400","https://media.licdn.com/dms/image/v2/D4E0BAQHrU3MFZKqtMA/company-logo_400_400/company-logo_400_400/0/1689357552886/patricia_mosto_coach_ontolgico_transpersonal_logo?e=1779926400&v=beta&t=8mwIOQWU8k4_Bk5fCyw0ZFtrklnHDUvhTH7LKecB_zQ","400","200","https://media.licdn.com/dms/image/v2/D4E0BAQHrU3MFZKqtMA/company-logo_200_200/company-logo_200_200/0/1689357552886/patricia_mosto_coach_ontolgico_transpersonal_logo?e=1779926400&v=beta&t=DDwwNQptOSZgD9EkCwHXj_APytxPwKJI5Rpqr9_KGuQ","200","100","https://media.licdn.com/dms/image/v2/D4E0BAQHrU3MFZKqtMA/company-logo_100_100/company-logo_100_100/0/1689357552886/patricia_mosto_coach_ontolgico_transpersonal_logo?e=1779926400&v=beta&t=76k0Y80lwDHuemg_JN5xl3H4RDK5ATNzOaELLMZqEXM","100","Patricia Mosto_Coach Ontológico / Coach Deportivo","COMPANY","false",,,,"Asesoria personalizada y talleres grupales",,,,,,,,,,"Si lo piensas, lo creas!","patricia-mosto-coach-ontológico-transpersonal","https://patriciamosto.com/transformacion-personal","98306021","https://www.linkedin.com/company/98306021/",,"400","https://media.licdn.com/dms/image/v2/D4E0BAQHrU3MFZKqtMA/company-logo_400_400/company-logo_400_400/0/1689357552886/patricia_mosto_coach_ontolgico_transpersonal_logo?e=1779926400&v=beta&t=8mwIOQWU8k4_Bk5fCyw0ZFtrklnHDUvhTH7LKecB_zQ","400","200","https://media.licdn.com/dms/image/v2/D4E0BAQHrU3MFZKqtMA/company-logo_200_200/company-logo_200_200/0/1689357552886/patricia_mosto_coach_ontolgico_transpersonal_logo?e=1779926400&v=beta&t=DDwwNQptOSZgD9EkCwHXj_APytxPwKJI5Rpqr9_KGuQ","200","100","https://media.licdn.com/dms/image/v2/D4E0BAQHrU3MFZKqtMA/company-logo_100_100/company-logo_100_100/0/1689357552886/patricia_mosto_coach_ontolgico_transpersonal_logo?e=1779926400&v=beta&t=76k0Y80lwDHuemg_JN5xl3H4RDK5ATNzOaELLMZqEXM","100","https://media.licdn.com/dms/image/v2/D4E0BAQHrU3MFZKqtMA/company-logo_400_400/company-logo_400_400/0/1689357552886/patricia_mosto_coach_ontolgico_transpersonal_logo?e=1779926400&v=beta&t=8mwIOQWU8k4_Bk5fCyw0ZFtrklnHDUvhTH7LKecB_zQ","Patricia Mosto_Coach Ontológico Transpersonal",,,"3 yrs 5 mos","Freelance","Present",,"Lima, Perú","Coach Ontológico / Coach Deportivo",,"Coaching",,,,,,,,,,,,"Jan","Jan 2023","2023",,"29999","30161",,"Con más de siete años de experiencia como docente universitaria, me especializo en la enseñanza práctica y aplicable dentro del ámbito de la carrera de Marketing. Mi enfoque en el diseño instruccional me permite crear metodologías efectivas que promueven el desarrollo académico y profesional de los estudiantes, ayudándolos a adquirir habilidades esenciales para enfrentar los desafíos del entorno laboral actual.  

Como Coach Ontológica y Deportiva certificada, me dedico a empoderar a las personas para alcanzar su máximo potencial. Desde hace más de tres años, he trabajado en el diseño de procesos y talleres de coaching que promueven el autoconocimiento, la confianza y la motivación. Mi objetivo es inspirar un aprendizaje continuo y un crecimiento integral para que tanto clientes como estudiantes logren sus metas con determinación y propósito."
"Riggi","Assereto Castillo","https://www.linkedin.com/in/riggi-assereto","Life & Team Coach | Environmental Lawyer | Founder of Dolce Riggi | Real State Advisor
Acompaño a niños, jóvenes y adultos a descubrir su potencial, conectar con sus emociones y relacionarse💛
Speaker, Teacher & Writter.",,,,,,,,,,"PE","Peru",,"Peru","PE","Peru",,,"Peru","true",,"false","https://media.licdn.com/dms/image/v2/D4E1BAQH0Ny2x1kMDjg/company-background_10000/company-background_10000/0/1704644670615/icf_peru_cover?e=1779145200&v=beta&t=wVin4kgYSot2txfS1KAoZoLY9pV_2BJkNbIRVcDg-a4","396","https://media.licdn.com/dms/image/v2/D4E1BAQH0Ny2x1kMDjg/company-background_10000/company-background_10000/0/1704644670615/icf_peru_cover?e=1779145200&v=beta&t=wVin4kgYSot2txfS1KAoZoLY9pV_2BJkNbIRVcDg-a4","1584","100","https://media.licdn.com/dms/image/v2/D4E1BAQH0Ny2x1kMDjg/company-background_400/company-background_400/0/1704644670615/icf_peru_cover?e=1779145200&v=beta&t=u-O6dHeWXlzHQn0Fk4qeSPE5bbYt7Avmjb4wszt8Dy0","400","50","https://media.licdn.com/dms/image/v2/D4E1BAQH0Ny2x1kMDjg/company-background_200/company-background_200/0/1704644670616/icf_peru_cover?e=1779145200&v=beta&t=7h4_qKLRoeb8-hbVyMb8btpb4gMh25w3gYX2V23fdsI","200","https://www.facebook.com/icfperuoficial","La ICF ( Federación Internacional de Coaching ) es la más grande agrupación de coaches en el mundo con más de 25.000 miembros y más de 15.500 credencializados globales. ","10","50","11","2285",,,,,,"10109226","Education > Professional Training and Coaching","105","Professional Training & Coaching","Professional Training and Coaching","urn:li:fsd_industry:105","https://www.linkedin.com/jobs/search?geoId=92000000&f_C=10109226","https://www.linkedin.com/company/icf-peru/","Lima","PE","ICF","Lima","true",,,"Lima","Peru","PE","Peru",,"Lima","Lima, Peru",,"https://media.licdn.com/dms/image/v2/D4E0BAQHPiFjK8kNl1Q/company-logo_400_400/company-logo_400_400/0/1704645023459?e=1779926400&v=beta&t=pJUFudZn1FEE3shsjSbb5JpMRSla6kXW-hnnCFQvgNM","400","https://media.licdn.com/dms/image/v2/D4E0BAQHPiFjK8kNl1Q/company-logo_400_400/company-logo_400_400/0/1704645023459?e=1779926400&v=beta&t=pJUFudZn1FEE3shsjSbb5JpMRSla6kXW-hnnCFQvgNM","400","200","https://media.licdn.com/dms/image/v2/D4E0BAQHPiFjK8kNl1Q/company-logo_200_200/company-logo_200_200/0/1704645023459?e=1779926400&v=beta&t=Acla3Dp3ZR-wRkZvCPCf--Z-HZW8_JqqNRaGYMlY3rU","200","100","https://media.licdn.com/dms/image/v2/D4E0BAQHPiFjK8kNl1Q/company-logo_100_100/company-logo_100_100/0/1704645023459?e=1779926400&v=beta&t=ReqmdAOD0aIKuID3XKt47xeEdt1DJNHg_igQHf-TyOs","100","ICF Perú 🇵🇪","COMPANY","false",,,,"coaching","formación profesional",,,,,,,,,"¡Creciendo juntos en el coaching!","icf-peru","https://www.facebook.com/icfperuoficial","10109226","https://www.linkedin.com/company/icf-peru/",,"400","https://media.licdn.com/dms/image/v2/D4E0BAQHPiFjK8kNl1Q/company-logo_400_400/company-logo_400_400/0/1704645023459?e=1779926400&v=beta&t=pJUFudZn1FEE3shsjSbb5JpMRSla6kXW-hnnCFQvgNM","400","200","https://media.licdn.com/dms/image/v2/D4E0BAQHPiFjK8kNl1Q/company-logo_200_200/company-logo_200_200/0/1704645023459?e=1779926400&v=beta&t=Acla3Dp3ZR-wRkZvCPCf--Z-HZW8_JqqNRaGYMlY3rU","200","100","https://media.licdn.com/dms/image/v2/D4E0BAQHPiFjK8kNl1Q/company-logo_100_100/company-logo_100_100/0/1704645023459?e=1779926400&v=beta&t=ReqmdAOD0aIKuID3XKt47xeEdt1DJNHg_igQHf-TyOs","100","https://media.licdn.com/dms/image/v2/D4E0BAQHPiFjK8kNl1Q/company-logo_400_400/company-logo_400_400/0/1704645023459?e=1779926400&v=beta&t=pJUFudZn1FEE3shsjSbb5JpMRSla6kXW-hnnCFQvgNM","ICF Perú","icf-peru",,"1 yr 8 mos","Freelance","Present",,,"Director de comunicaciones",,"Liderazgo de equipos","Liderazgo","Comunicación","Habilidades blandas","Creatividad","Educación","Marca personal",,,,,,"Oct","Oct 2024","2024",,"4280","4440",,"Capacidad para trabajar en equipo, creativa, proactiva, innovadora, capacidad de escucha activa, empática, dinámica, conciliadora, liderazgo, emprendedora, perseverante, adaptación al cambio, capacidad de investigación, buena comunicación oral y escrita, pasión por mi vocación, disfruto dejar huella en otras personas, buena capacidad para analizar las cosas desde una perspectiva macro, me gusta estar en constante aprendizaje y enseñar a otros, no me dejo vencer ante las dificultades e intento encontrar una solución. 

Soy abogada con maestría en Derecho Ambiental, Coach con maestría en coaching y liderazgo directivo. He trabajado en estudios de abogados, he hecho auditorías ambientales, así como en empresas. 

He realizado talleres y conferencias en coaching de vida, mindfullness, escucha activa, zona de confort, así como, coaching de equipos y de empresas, liderando equipos, dictado talleres para niños y adolescentes en temas de autoestima, felicidad, violencia familiar, entre otros. 

Así también, talleres para niños en creatividad, habilidades blandas y yoga. 

He dictado clases en la universidad en temas de coaching y liderazgo, derecho ambiental, negociación, ramas del Derecho. Así como, talleres para profesores en temas de cómo generar clases más dinámicas con los alumnos, generar mejores relaciones, siendo más empáticos, empleando las nuevas tecnologías, entre otros. He sido Jurado de grados de Derecho y dictado talleres de orientación vocacional. 

Escrito articulos en El Comercio, en la Revista de Derecho y Tecnología Iustech, entre otros. 

Emprendedora y empresaria con una pastelería “Dolce Riggi”. He tenido un food truck y dos carritos de dulces, he salido en programas de TV cómo “combinado”, “un día en el mall”, entre otros, cocinando y de jurado de postres. 


"
"Carla","Olivera","https://www.linkedin.com/in/carlaolivera","Consultora | Mentora & Coach | Docente | Estrategia - Calidad - Intermediación | Regulación y Cumplimiento | Química Farmacéutica | B2B | B2C",,,,,,,,,,"PE","Peru",,"Peru","PE","Peru",,,"Peru","true",,"false",,,,,,,,,,,"http://www.ctxdom.com","Virtualización con Citrix , Soporte, Integración de Sistemas, Consultoría, Diseño de Arquitectura, Revisión de entornos ya implementados, análisis, mejora de rendimiento... XenApp, XenDesktop, XenServer, XenClient, NetScaler.. Especialistas en Virtualización con Citrix.","2105","10","2","4971",,,,,,"1530582","Professional Services > IT Services and IT Consulting","96","Information Technology & Services","IT Services and IT Consulting","urn:li:fsd_industry:96","https://www.linkedin.com/jobs/search?geoId=92000000&f_C=1530582","https://www.linkedin.com/company/consultor-independiente./",,,,,,,,,,,,,,,,,,,,,,,,,,"Consultor Independiente.","COMPANY","false",,,,,,,,,,,,,,,"consultor-independiente.","http://www.ctxdom.com","1530582","https://www.linkedin.com/company/consultor-independiente./",,,,,,,,,,,,"Consultor Independiente","consultor-independiente.","- Acompaño a empresas del sector químico farmacéutico en la definición e implementación de estrategias regulatorias alineadas a sus objetivos de negocio. 
- Fortalezco sistemas de calidad y cumplimiento normativo para asegurar operaciones sostenibles y eficientes.
- Facilito la intermediación técnica con autoridades regulatorias, promoviendo procesos más claros, ágiles y alineados a la normativa vigente.","1 yr 9 mos",,"Present","7351da5d263f813d7e3259dcaacd6ca8e8a52721","Lima, Peru","Consultora - Química Farmaceútica",,"Planificación estratégica","Estrategia regulatoria","Legislacion farmaceutica",,,,,,,,,,"Sep","Sep 2024","2024","Hybrid","1865","1804",,"🔬 Soy Química Farmacéutica con más de 20 años de experiencia en el sector, con una trayectoria construida entre el ámbito público y la industria farmacéutica global. A lo largo de este camino, he trabajado en hospitales, en la autoridad regulatoria y en compañías de innovación, liderando procesos técnicos en mercados como Perú, Bolivia, Chile , Ecuador , Colombia y México 🌎
 
⚙️ Mi desarrollo profesional ha estado marcado por la evolución constante. Inicié en roles técnicos y, con el tiempo, asumí posiciones de liderazgo regional, gestionando estrategias regulatorias, equipos multiculturales y portafolios complejos. Esta experiencia me permitió comprender el sector desde una mirada integral, conectando lo técnico con lo estratégico.
 
🧬 Mi enfoque siempre ha tenido un eje claro: el paciente. Cada decisión regulatoria, cada proceso y cada proyecto tienen como propósito final asegurar que medicamentos seguros y eficaces lleguen de manera oportuna a la población. Desde esta convicción, también busco contribuir al diálogo entre el sector y las autoridades, promoviendo entornos más eficientes y sostenibles.
 
🎯 Hoy acompaño a empresas y profesionales a tomar decisiones con claridad y dirección. Como consultora, diseño estrategias regulatorias que permiten reducir riesgos y sostener el crecimiento. Como mentora y coach, trabajo en el desarrollo de talento, ayudando a construir carreras con propósito, enfoque y posicionamiento.
 
🤝 Mi trabajo se sostiene en tres pilares: pasión, estrategia e impacto. Esta combinación me permite generar valor técnico, impulsar el desarrollo profesional y contribuir de manera real al fortalecimiento del sector salud.
 
📩 Si buscas fortalecer tus procesos, tomar decisiones con mayor criterio técnico o construir una trayectoria profesional con dirección, será un gusto acompañarte en ese proceso.

Contáctame! ➡️https://linktr.ee/carlaolivera.consultora"
"Marité","Duarte C","https://www.linkedin.com/in/mariteduartecasas-3788932","Consultora Organizacional | Nueva Longevidad y Economia Plateada | Liderazgo Generativo | Diversidad Generacional | Transición Laboral | Propósito y Legado | Familias Empresarias| Mentora | Coach ACC ",,,,,,,,,,"PE","Peru",,"Peru","PE","Peru",,,"Peru","true",,"false","https://media.licdn.com/dms/image/v2/D4E1BAQGhcKrWcDp-DQ/company-background_10000/B4EZgAPwYJG4AU-/0/1752350787634/instituto_de_liderazgo_generativo_latam_cover?e=1779145200&v=beta&t=TzhH-P4ROkHXXajmtC6QtEtFvb00adZYHMvOc6PXGQg","1440","https://media.licdn.com/dms/image/v2/D4E1BAQGhcKrWcDp-DQ/company-background_10000/B4EZgAPwYJG4AU-/0/1752350787634/instituto_de_liderazgo_generativo_latam_cover?e=1779145200&v=beta&t=TzhH-P4ROkHXXajmtC6QtEtFvb00adZYHMvOc6PXGQg","2560","225","https://media.licdn.com/dms/image/v2/D4E1BAQGhcKrWcDp-DQ/company-background_400/B4EZgAPwYJG4AY-/0/1752350787634/instituto_de_liderazgo_generativo_latam_cover?e=1779145200&v=beta&t=dm_eU1W4kmjYJ8LHkuHEzIEFHQ7uGtKAWvEUMtc3ADc","400","112","https://media.licdn.com/dms/image/v2/D4E1BAQGhcKrWcDp-DQ/company-background_200/B4EZgAPwYJG4Ac-/0/1752350787634/instituto_de_liderazgo_generativo_latam_cover?e=1779145200&v=beta&t=sPi5bLbs2dk8yKn9uw7HGDMleFl0d1-F0yrhOd-MDCM","200","https://liderazgogenerativola.com/ccg1-2023/","IGL se ha enfocado en el desarrollo de las artes del desempeño de liderazgo, gestión y trabajo en equipo, proporcionando los estándares y prácticas para estos campos como profesiones. 

El Liderazgo Generativo se basa en estudios que datan de 1981 y se basan en los campos de diseño ontológico, cognición, aprendizaje incorporado, inteligencia emocional y lenguaje generativo para permitir que los líderes y coaches lleven los resultados de liderazgo y organización a un nivel superior.","13","200","51","1935",,,,"1981",,"42278879","Education > Higher Education","68","Higher Education","Higher Education","urn:li:fsd_industry:68","https://www.linkedin.com/jobs/search?geoId=92000000&f_C=42278879","https://www.linkedin.com/company/instituto-de-liderazgo-generativo-latam/","Latinoamérica y el mundo","OO","Sede",,"true",,,,,,,"LATAM",,"LATAM",,"https://media.licdn.com/dms/image/v2/D4E0BAQHe-AK9A4j6Fg/company-logo_400_400/B4EZfNkCP3HIAY-/0/1751500465583/instituto_de_liderazgo_generativo_latam_logo?e=1779926400&v=beta&t=w2kCxM7w3YPvQnukoFqrwY-SHDfltb63w3JslgGMSvQ","400","https://media.licdn.com/dms/image/v2/D4E0BAQHe-AK9A4j6Fg/company-logo_400_400/B4EZfNkCP3HIAY-/0/1751500465583/instituto_de_liderazgo_generativo_latam_logo?e=1779926400&v=beta&t=w2kCxM7w3YPvQnukoFqrwY-SHDfltb63w3JslgGMSvQ","400","200","https://media.licdn.com/dms/image/v2/D4E0BAQHe-AK9A4j6Fg/company-logo_200_200/B4EZfNkCP3HIAI-/0/1751500465583/instituto_de_liderazgo_generativo_latam_logo?e=1779926400&v=beta&t=INIgaIvCMGFoOMUJDdEbJ1lEz19ePjq8mKxRlA1vV_Q","200","100","https://media.licdn.com/dms/image/v2/D4E0BAQHe-AK9A4j6Fg/company-logo_100_100/B4EZfNkCP3HIAQ-/0/1751500465583/instituto_de_liderazgo_generativo_latam_logo?e=1779926400&v=beta&t=UVOyXV9x8CvHj6aHCteFrQKVkoIjsySYep44irsurHk","100","Instituto de Liderazgo Generativo LATAM","COMPANY","false",,,,"Consultoría generativa para organizaciones","Coaching","Liderazgo Generativo","Coaching generativo para organizaciones ","Coaching organizacional","consultoría","Liderazgo",,,,"Somos el laboratorio vivo del liderazgo del futuro presente en Iberoamérica.","instituto-de-liderazgo-generativo-latam","https://liderazgogenerativola.com/","42278879","https://www.linkedin.com/company/42278879/",,"400","https://media.licdn.com/dms/image/v2/D4E0BAQHe-AK9A4j6Fg/company-logo_400_400/B4EZfNkCP3HIAY-/0/1751500465583/instituto_de_liderazgo_generativo_latam_logo?e=1779926400&v=beta&t=w2kCxM7w3YPvQnukoFqrwY-SHDfltb63w3JslgGMSvQ","400","200","https://media.licdn.com/dms/image/v2/D4E0BAQHe-AK9A4j6Fg/company-logo_200_200/B4EZfNkCP3HIAI-/0/1751500465583/instituto_de_liderazgo_generativo_latam_logo?e=1779926400&v=beta&t=INIgaIvCMGFoOMUJDdEbJ1lEz19ePjq8mKxRlA1vV_Q","200","100","https://media.licdn.com/dms/image/v2/D4E0BAQHe-AK9A4j6Fg/company-logo_100_100/B4EZfNkCP3HIAQ-/0/1751500465583/instituto_de_liderazgo_generativo_latam_logo?e=1779926400&v=beta&t=UVOyXV9x8CvHj6aHCteFrQKVkoIjsySYep44irsurHk","100","https://media.licdn.com/dms/image/v2/D4E0BAQHe-AK9A4j6Fg/company-logo_400_400/B4EZfNkCP3HIAY-/0/1751500465583/instituto_de_liderazgo_generativo_latam_logo?e=1779926400&v=beta&t=w2kCxM7w3YPvQnukoFqrwY-SHDfltb63w3JslgGMSvQ","Instituto de Liderazgo Generativo LATAM",,,"6 yrs 2 mos","Freelance","Present","a1cfe44a0aaf407f8f202a36d68ef9b19083eb6c","Estados Unidos","Mentora & Coach",,"Trabajo en equipo","Transformación cultural","Coaching Staff","Capacitación","Team Building","Habilidades sociales","Coaching","Team Leadership","Coaching laboral","Communication Skills","Formación y desarrollo","Gestión del talento","Apr","Apr 2020","2020","Remote","2536","3280","Coaching Staff • Communication Skills • Desarrollo de liderazgo • Planificación • Transformación cultural","Luego de más de 30 años de trayectoria en el sector financiero, liderando equipos y proyectos en instituciones como el Banco Central de Reserva, Banco Santander, Citibank, Grupo ING, Scotiabank, HSBC y Banco Pichincha, decidí emprender una nueva etapa: formarme como consultora y coach organizacional con foco en liderazgo, comunicación, cultura y diversidad generacional.

Hoy, estoy dedicada a contribuir con una transformación cultural que valore la experiencia como un activo estratégico. Me comprometo con la evolución de las organizaciones hacia modelos más conscientes, diversos y sostenibles, donde las personas mayores de 50 años no sean invisibilizadas, sino reconocidas por su talento, conocimiento y capacidad de generar valor en un mundo en constante cambio.

Promuevo una mirada más realista y humana sobre la Nueva Longevidad, un fenómeno social que plantea desafíos importantes, pero también grandes oportunidades. Creo firmemente en el potencial de la economía de la longevidad —también llamada economía plateada— y en la urgencia de crear productos, servicios y oportunidades laborales que respondan a las necesidades de una población que vive más y quiere vivir mejor.

Mi propósito es resignificar el valor del talento senior: activar conversaciones, generar conciencia y facilitar transiciones profesionales con sentido. Acompaño a líderes, ejecutivos senior, emprendedores y familias empresarias a reconectar con su propósito, reorientar su experiencia y desplegar su poder de acción para lograr resultados con impacto y sentido. Además, diseño y dicto talleres de sensibilización y liderazgo enfocados en la inclusión generacional, la gestión de la diversidad etaria y el bienestar en contextos organizacionales.

Soy parte de la comunidad de aprendizaje del Instituto de Liderazgo Generativo LATAM, donde también acompaño como mentora. Me he formado en el Diplomado Internacional de la Nueva Longevidad y en el programa de Age Management in the Workplace. Participo activamente en foros internacionales y pertenezco a la Comunidad Latinoamericana de la Nueva Longevidad, así como al Ecosistema Plateado del Perú.

Creo en el valor de los equipos multigeneracionales, en el respeto por la trayectoria y en el bienestar como brújula. Porque vivir más tiempo no es suficiente: se trata de cómo elegimos vivirlo y con quiénes decidimos construir el futuro. Soy consciente de que el envejecimiento no es una etapa final, sino una fase larga y valiosa en el viaje de la vida."
"Emmanuel","Perez","https://www.linkedin.com/in/emmanuel-perez-b67488174","Coach Senior - Director EPTI Sede Perú ",,,,,,,,,,"PE","Peru",,"Peru","PE","Peru",,,"Peru","true",,"false","https://media.licdn.com/dms/image/v2/C4E1BAQHrlAbnX45ctw/company-background_10000/company-background_10000/0/1645111910858/escuela_de_psicologia_transpersonal_integral_cover?e=1779145200&v=beta&t=8z-clf1O-e4hdHn7HbH3OFEfbACAmIWcn5JfVZzAKJY","191","https://media.licdn.com/dms/image/v2/C4E1BAQHrlAbnX45ctw/company-background_10000/company-background_10000/0/1645111910858/escuela_de_psicologia_transpersonal_integral_cover?e=1779145200&v=beta&t=8z-clf1O-e4hdHn7HbH3OFEfbACAmIWcn5JfVZzAKJY","1128","67","https://media.licdn.com/dms/image/v2/C4E1BAQHrlAbnX45ctw/company-background_400/company-background_400/0/1645111910858/escuela_de_psicologia_transpersonal_integral_cover?e=1779145200&v=beta&t=gGcAt5Sw7S5ALY8TnxQ0Xhohv_QKNBJ8M40qNKv_lfk","400","33","https://media.licdn.com/dms/image/v2/C4E1BAQHrlAbnX45ctw/company-background_200/company-background_200/0/1645111910858/escuela_de_psicologia_transpersonal_integral_cover?e=1779145200&v=beta&t=dolGX7VWtegIpK0vRd8U3ImToqVJ3avWd9fWClZgYfo","200","https://www.transpersonals.com/","EPTI es la Escuela pionera en la enseñanza de la Psicología Transpersonal Integral y Coaching en Iberoamérica, dirigida al desarrollo y transformación personal, organizacional y social.
Nuestra mirada integral propicia el desarrollo de la consciencia corporal y emocional, la vitalidad, el pensamiento creativo, la capacidad de comunicación, la efectividad personal y el despertar de la consciencia de unidad con la totalidad de la vida.
Todas nuestras formaciones se basan en el Modelo Interacciones Primordiales, que constituye un sistema de crecimiento personal e interpersonal teórico, práctico y vivencial, y de gran trayectoria.

Nuestros programas destacados: COACHING PRIMORDIAL, DANZA PRIMAL Y MEDITACIÓN PRIMORDIAL, PSICOLOGÍA TRANSPERSONAL, PSICOTERAPIA TRANSPERSONAL

VIVE LA EXPERIENCIA EPTI

Sedes: Argentina, Chile, Uruguay, Perú, Ecuador, Colombia, México, España.

Somos Miembro de la Association for Transpersonal Psychology U.S.A. y  Miembro Fundador de la Asociación Transpersonal Iberoamericana","15","50","11","786",,,,,,"35658109","Education > Professional Training and Coaching","105","Professional Training & Coaching","Professional Training and Coaching","urn:li:fsd_industry:105","https://www.linkedin.com/jobs/search?geoId=92000000&f_C=35658109","https://www.linkedin.com/school/escuela-de-psicologia-transpersonal-integral/","Mendoza","AR",,"Mendoza","true",,,"Mendoza","Argentina","AR","Argentina",,"Mendoza","Mendoza, Argentina","M5500","https://media.licdn.com/dms/image/v2/C4E0BAQE1pptQ6FBenw/company-logo_400_400/company-logo_400_400/0/1645033210542/escuela_de_psicologia_transpersonal_integral_logo?e=1779926400&v=beta&t=zrUCiuUR8-QKCy3kj4_1CUxd67EITZonoa_zbFp4zjQ","400","https://media.licdn.com/dms/image/v2/C4E0BAQE1pptQ6FBenw/company-logo_400_400/company-logo_400_400/0/1645033210542/escuela_de_psicologia_transpersonal_integral_logo?e=1779926400&v=beta&t=zrUCiuUR8-QKCy3kj4_1CUxd67EITZonoa_zbFp4zjQ","400","200","https://media.licdn.com/dms/image/v2/C4E0BAQE1pptQ6FBenw/company-logo_200_200/company-logo_200_200/0/1645033210542/escuela_de_psicologia_transpersonal_integral_logo?e=1779926400&v=beta&t=z4uR264VHI-RevA-kTwTj1WHJymOlhTzsAF43o_ntvE","200","100","https://media.licdn.com/dms/image/v2/C4E0BAQE1pptQ6FBenw/company-logo_100_100/company-logo_100_100/0/1645033210542/escuela_de_psicologia_transpersonal_integral_logo?e=1779926400&v=beta&t=lnl4c6ilS9CnEctktilxMHmFvVxUX9PRUEKKepZ_TQM","100","Escuela de Psicologia Transpersonal Integral","SCHOOL","false",,,,"coaching","danza primal","psicoterapia primordial","meditación primordial","coaching y corporalidad",,,,,,"Más de 40 años de experiencia académica proporcionando herramientas para el desarrollo y transformación personal.","escuela-de-psicologia-transpersonal-integral","https://www.transpersonals.com","35658109","https://www.linkedin.com/school/escuela-de-psicologia-transpersonal-integral/",,"400","https://media.licdn.com/dms/image/v2/C4E0BAQE1pptQ6FBenw/company-logo_400_400/company-logo_400_400/0/1645033210542/escuela_de_psicologia_transpersonal_integral_logo?e=1779926400&v=beta&t=zrUCiuUR8-QKCy3kj4_1CUxd67EITZonoa_zbFp4zjQ","400","200","https://media.licdn.com/dms/image/v2/C4E0BAQE1pptQ6FBenw/company-logo_200_200/company-logo_200_200/0/1645033210542/escuela_de_psicologia_transpersonal_integral_logo?e=1779926400&v=beta&t=z4uR264VHI-RevA-kTwTj1WHJymOlhTzsAF43o_ntvE","200","100","https://media.licdn.com/dms/image/v2/C4E0BAQE1pptQ6FBenw/company-logo_100_100/company-logo_100_100/0/1645033210542/escuela_de_psicologia_transpersonal_integral_logo?e=1779926400&v=beta&t=lnl4c6ilS9CnEctktilxMHmFvVxUX9PRUEKKepZ_TQM","100","https://media.licdn.com/dms/image/v2/C4E0BAQE1pptQ6FBenw/company-logo_400_400/company-logo_400_400/0/1645033210542/escuela_de_psicologia_transpersonal_integral_logo?e=1779926400&v=beta&t=zrUCiuUR8-QKCy3kj4_1CUxd67EITZonoa_zbFp4zjQ","Escuela de Psicologia Transpersonal Integral","escuela-de-psicologia-transpersonal-integral",,"12 yrs 5 mos",,"Present",,,"Coach - Director EPTI sede Perú",,,,,,,,,,,,,,"Jan","Jan 2014","2014",,"857","914",,"Apasionado por crear, innovar y generar contextos de aprendizaje y transformación personal y organizacional."
"Angie","Garrido Ponce","https://www.linkedin.com/in/angie-garrido-ponce-004a5583","MBA. Ing. Industrial | Asociada Women CEO | Coach Profesional - Máster en Bioneuroemoción®| Miembro ICF Perú | Mentora en Women In Energy - SPE Sección Lima y WomenCEO Perú",,,,,,,,,,"PE","Peru",,"Peru","PE","Peru",,,"Peru","true",,"false","https://media.licdn.com/dms/image/v2/C4E1BAQG-MyKCAuq9mA/company-background_10000/company-background_10000/0/1584659670236/womeninenergy_speseccionlima_cover?e=1779145200&v=beta&t=7SK4x1EYUA26BnXgcjTHhcroRcWlXQ4FhL98hd5z31c","396","https://media.licdn.com/dms/image/v2/C4E1BAQG-MyKCAuq9mA/company-background_10000/company-background_10000/0/1584659670236/womeninenergy_speseccionlima_cover?e=1779145200&v=beta&t=7SK4x1EYUA26BnXgcjTHhcroRcWlXQ4FhL98hd5z31c","1584","100","https://media.licdn.com/dms/image/v2/C4E1BAQG-MyKCAuq9mA/company-background_400/company-background_400/0/1584659670271/womeninenergy_speseccionlima_cover?e=1779145200&v=beta&t=xAeZvM0hTex4iVu5G2fbrmt-0kiE1gEC6UuPElMKiPA","400","50","https://media.licdn.com/dms/image/v2/C4E1BAQG-MyKCAuq9mA/company-background_200/company-background_200/0/1584659670306/womeninenergy_speseccionlima_cover?e=1779145200&v=beta&t=Z1EnYu5fheYLD0Cv1vAiHRK1dZQOmIbWSeAkUyNCxOc","200","http://www.spe.org","Women In Energy (WIN) es una organización de la Society of Petroleum Engineers (SPE) Sección Lima, que agrupa a mujeres vinculadas a la actividades de Energía en sus distintas etapas. La organización nace con el objetivo de facilitar un espacio de integración y colaboración entre las profesionales de las diferentes especialidades de la industria energética.

Nuestra organización espera lograr ampliar la participación de género en el sector energético.

Asimismo, promovemos el liderazgo de las mujeres en la Society Petroleum Engineering para alentar una mayor participación en posiciones de liderazgo tanto en Perú como en el resto de los países de la región.

La organización también promueve la creación de una red de contacto de mujeres en puestos técnicos, gerenciales, etc. para lograr alianzas interpersonales, interempresariales e interinstitucionales.

Nuestra diversidad es nuestra fortaleza, y damos la bienvenida a mujeres y hombres motivados con experiencia en la industria del petróleo y el gas para que se unan a nosotros.

Beneficios:

La participación como agremiada del WIN otorga una serie de beneficios como el acceso a conferencias en diversos aspectos técnicos, normativos, y corporativos, así como formar parte de un equipo que busca:
• Atraer a las mujeres a STEM (Ciencia, Tecnología, Ingeniería y Matemáticas, junto con los esfuerzos de Energy4me (www.energy4me.org).
• Crear programas para mujeres en SPE.
• Promover el liderazgo de las mujeres en SPE en premios, comités, oradores, y participación en posiciones de liderazgo a nivel de Sección, Región e Internacional.
• Conectar a las mujeres en puestos técnicos y de liderazgo.
• Promover la diversidad como un objetivo de la industria a través de capacitaciones y acceso a recursos.

","8",,"10001","6386",,,,"2018",,"33300443","Oil, Gas, and Mining > Oil and Gas","57","Oil & Energy","Oil and Gas","urn:li:fsd_industry:57","https://www.linkedin.com/jobs/search?geoId=92000000&f_C=33300443","https://www.linkedin.com/company/womeninenergy-speseccionlima/","Lima","PE","San Isidro","Lima","true","Av. Andrés Reyes ","437","Lima","Peru","PE","Peru",,"Lima","Lima, Peru","51","https://media.licdn.com/dms/image/v2/C4D0BAQGl4oDUv8ThTw/company-logo_400_400/company-logo_400_400/0/1630472138573/womeninenergy_speseccionlima_logo?e=1779926400&v=beta&t=Aqx8ujXvVG9OQlMWiOjZK52eV7GwizhEbvxoAAsYp18","400","https://media.licdn.com/dms/image/v2/C4D0BAQGl4oDUv8ThTw/company-logo_400_400/company-logo_400_400/0/1630472138573/womeninenergy_speseccionlima_logo?e=1779926400&v=beta&t=Aqx8ujXvVG9OQlMWiOjZK52eV7GwizhEbvxoAAsYp18","400","200","https://media.licdn.com/dms/image/v2/C4D0BAQGl4oDUv8ThTw/company-logo_200_200/company-logo_200_200/0/1630472138573/womeninenergy_speseccionlima_logo?e=1779926400&v=beta&t=m7tA1-q6dJqCtmJTkCjvARkWWPKZRXXE2mMPl8qi8hk","200","100","https://media.licdn.com/dms/image/v2/C4D0BAQGl4oDUv8ThTw/company-logo_100_100/company-logo_100_100/0/1630472138573/womeninenergy_speseccionlima_logo?e=1779926400&v=beta&t=g74xmXVTCXsrdlSgVFw1iabyh89kUuBL-adq_9QiI1o","100","Women In Energy - SPE Sección Lima","COMPANY","false",,,,,,,,,,,,,,,"womeninenergy-speseccionlima","http://www.spe.org","33300443","https://www.linkedin.com/company/womeninenergy-speseccionlima/",,"400","https://media.licdn.com/dms/image/v2/C4D0BAQGl4oDUv8ThTw/company-logo_400_400/company-logo_400_400/0/1630472138573/womeninenergy_speseccionlima_logo?e=1779926400&v=beta&t=Aqx8ujXvVG9OQlMWiOjZK52eV7GwizhEbvxoAAsYp18","400","200","https://media.licdn.com/dms/image/v2/C4D0BAQGl4oDUv8ThTw/company-logo_200_200/company-logo_200_200/0/1630472138573/womeninenergy_speseccionlima_logo?e=1779926400&v=beta&t=m7tA1-q6dJqCtmJTkCjvARkWWPKZRXXE2mMPl8qi8hk","200","100","https://media.licdn.com/dms/image/v2/C4D0BAQGl4oDUv8ThTw/company-logo_100_100/company-logo_100_100/0/1630472138573/womeninenergy_speseccionlima_logo?e=1779926400&v=beta&t=g74xmXVTCXsrdlSgVFw1iabyh89kUuBL-adq_9QiI1o","100","https://media.licdn.com/dms/image/v2/C4D0BAQGl4oDUv8ThTw/company-logo_400_400/company-logo_400_400/0/1630472138573/womeninenergy_speseccionlima_logo?e=1779926400&v=beta&t=Aqx8ujXvVG9OQlMWiOjZK52eV7GwizhEbvxoAAsYp18","Women In Energy - SPE Sección Lima","womeninenergy-speseccionlima",,"2 yrs 1 mo","Part-time","Present",,,"Mentora",,"Habilidades sociales",,,,,,,,,,,,"May","May 2024","2024","Hybrid","1689","2144","Industria del petróleo y del gas • Análisis • Habilidades sociales • Organizaciones sin ánimo de lucro","Ingeniera Industrial y Magíster en Administración de Empresas con más de 20 años de experiencia en el sector energético. Especializada en gestión de hidrocarburos, derecho energético, asociaciones público-privadas, y formulación de proyectos. He trabajado en el Ministerio de Energía y Minas (Dirección General de Hidorcarburos) y en OSINERGMIN (Supervisora el área de Gas Natural). Últimamente, he participado en proyectos de planificación estratégica, desarrollo de nuevos negocios y gestión empresarial en PETROPERÚ S.A.

Como Asociada en Women CEO, Miembro de ICF Perú y Mentora en Win Energy, mi principal objetivo radica en promover el desarrollo personal y profesional de las personas mediante la Bioneuroemoción® y diversas técnicas de coaching. Mi labor se enfoca en cultivar un liderazgo consciente que respalde la equidad y la conciencia social. Mi compromiso es guiar y potenciar el crecimiento de cada individuo en su búsqueda hacia un bienestar integral."
"Cyntia","Andrade Correa","https://www.linkedin.com/in/cyntiaandrade","Agile Coach | SAFe | Scrum | Agile Facilitator | Transformación Digital | Change Management",,,,,,,,,,"PE","Peru",,"Peru","PE","Peru",,,"Peru","true",,"false","https://media.licdn.com/dms/image/v2/D4E1BAQELoB6f12_LwA/company-background_10000/company-background_10000/0/1738688173271/bolsa_de_valores_de_lima_cover?e=1779145200&v=beta&t=a20v38tQi5GwU3i1EyWOv7Fe6COU1Kl9LfeBlcYA9Ec","192","https://media.licdn.com/dms/image/v2/D4E1BAQELoB6f12_LwA/company-background_10000/company-background_10000/0/1738688173271/bolsa_de_valores_de_lima_cover?e=1779145200&v=beta&t=a20v38tQi5GwU3i1EyWOv7Fe6COU1Kl9LfeBlcYA9Ec","1129","68","https://media.licdn.com/dms/image/v2/D4E1BAQELoB6f12_LwA/company-background_400/company-background_400/0/1738688173271/bolsa_de_valores_de_lima_cover?e=1779145200&v=beta&t=aBApNFKEIuF_IuwZ94q-kzQEtsEGviyLnXTcfgROlzw","400","34","https://media.licdn.com/dms/image/v2/D4E1BAQELoB6f12_LwA/company-background_200/company-background_200/0/1738688173271/bolsa_de_valores_de_lima_cover?e=1779145200&v=beta&t=wtckpSUXSrIbUv6g7DknEJff0l1UJIshtbfEykz5Nz4","200","https://www.bvl.com.pe","La Bolsa de Valores de Lima es una empresa que busca el desarrollo del mercado de valores peruano.
Desde nuestros inicios, hace ya 155 años, hemos sido testigos de cientos de empresas que decidieron crecer, de miles de inversionistas que rentabilizaron su dinero, y, en general, de un Perú que cada día se desarrolla más. Hoy, somos el principal referente económico del país y estamos muy orgullosos de serlo.","167","200","51","92891",,,,,,"2081970","Financial Services","43","Financial Services","Financial Services","urn:li:fsd_industry:43","https://www.linkedin.com/jobs/search?geoId=92000000&f_C=2081970","https://www.linkedin.com/company/bolsa-de-valores-de-lima/","San Isidro","PE",,"Lima","true","347 Avenida Jorge Basadre",,"San Isidro","Peru","PE","Peru",,"Lima","San Isidro, Peru",,"https://media.licdn.com/dms/image/v2/D4E0BAQEWO1bCh-2B5A/company-logo_400_400/company-logo_400_400/0/1738687786650/bolsa_de_valores_de_lima_logo?e=1779926400&v=beta&t=WMjjbU6pAXPgxrxcikZKcSxrBbkzr7VQxD7-ex_3JHc","400","https://media.licdn.com/dms/image/v2/D4E0BAQEWO1bCh-2B5A/company-logo_400_400/company-logo_400_400/0/1738687786650/bolsa_de_valores_de_lima_logo?e=1779926400&v=beta&t=WMjjbU6pAXPgxrxcikZKcSxrBbkzr7VQxD7-ex_3JHc","400","200","https://media.licdn.com/dms/image/v2/D4E0BAQEWO1bCh-2B5A/company-logo_200_200/company-logo_200_200/0/1738687786650/bolsa_de_valores_de_lima_logo?e=1779926400&v=beta&t=yRMuii2uSylgYoSF9M0R_XmTDQxiBKiN5TfctWav0qM","200","100","https://media.licdn.com/dms/image/v2/D4E0BAQEWO1bCh-2B5A/company-logo_100_100/company-logo_100_100/0/1738687786650/bolsa_de_valores_de_lima_logo?e=1779926400&v=beta&t=BAZESa7GyNWglK_wLrI2JMoD2iI_piKmGATwgcs6zYc","100","Bolsa de Valores de Lima","COMPANY","true",,,,,,,,,,,,,,"Somos conexión, oportunidades e innovación ¡Somos nuam! 🧡","bolsa-de-valores-de-lima","http://www.bvl.com.pe","2081970","https://www.linkedin.com/company/bolsa-de-valores-de-lima/",,"400","https://media.licdn.com/dms/image/v2/D4E0BAQEWO1bCh-2B5A/company-logo_400_400/company-logo_400_400/0/1738687786650/bolsa_de_valores_de_lima_logo?e=1779926400&v=beta&t=WMjjbU6pAXPgxrxcikZKcSxrBbkzr7VQxD7-ex_3JHc","400","200","https://media.licdn.com/dms/image/v2/D4E0BAQEWO1bCh-2B5A/company-logo_200_200/company-logo_200_200/0/1738687786650/bolsa_de_valores_de_lima_logo?e=1779926400&v=beta&t=yRMuii2uSylgYoSF9M0R_XmTDQxiBKiN5TfctWav0qM","200","100","https://media.licdn.com/dms/image/v2/D4E0BAQEWO1bCh-2B5A/company-logo_100_100/company-logo_100_100/0/1738687786650/bolsa_de_valores_de_lima_logo?e=1779926400&v=beta&t=BAZESa7GyNWglK_wLrI2JMoD2iI_piKmGATwgcs6zYc","100","https://media.licdn.com/dms/image/v2/D4E0BAQEWO1bCh-2B5A/company-logo_400_400/company-logo_400_400/0/1738687786650/bolsa_de_valores_de_lima_logo?e=1779926400&v=beta&t=WMjjbU6pAXPgxrxcikZKcSxrBbkzr7VQxD7-ex_3JHc","Bolsa de Valores de Lima","bolsa-de-valores-de-lima",,"2 yrs 5 mos",,"Present","0ade39d93ef0a21463b4e228956385bf52286588",,"Agile Team Coach",,"Scaled Agile Framework (SAFe)","Liderazgo de equipos","Metodologías ágiles",,,,,,,,,,"Jan","Jan 2024","2024",,"1083","1087",,"Agile Coach con experiencia acompañando equipos y trenes de agilidad en la adopción y maduración de marcos ágiles como Scrum, Kanban y SAFe.
Especialista en facilitación, coaching de equipos, alineación con negocio y mejora continua, enfocada en la entrega de valor, colaboración inter-squads y sostenibilidad del desempeño.
Experiencia en contextos corporativos complejos, trabajo con stakeholders y Centros de Excelencia Ágil (CoE)."
"Diana","García Dávila","https://www.linkedin.com/in/dianagarciadavilarecursoshumanos","(+33k) Alta Dirección | Recursos Humanos | Capacitación Empresarial | Empleabilidad 360 |  Reclutamiento | Liderazgo Ejecutivo Sistémico | Pionera en Constelaciones Familiares y Organizacionales | Mentor, Coach & Speaker",,,,,,,,,,"PE","Peru",,"Peru","PE","Peru",,,"Peru","true",,"false","https://media.licdn.com/dms/image/v2/D4E1BAQHP4SGXFM8yWQ/company-background_10000/B4EZWz6f1sGgAU-/0/1742480211925/bniperu_cover?e=1779145200&v=beta&t=U06YE-b3qhyHV2t4ctZPHBPNQHcS_KYxPsY87ZyaspE","396","https://media.licdn.com/dms/image/v2/D4E1BAQHP4SGXFM8yWQ/company-background_10000/B4EZWz6f1sGgAU-/0/1742480211925/bniperu_cover?e=1779145200&v=beta&t=U06YE-b3qhyHV2t4ctZPHBPNQHcS_KYxPsY87ZyaspE","1584","100","https://media.licdn.com/dms/image/v2/D4E1BAQHP4SGXFM8yWQ/company-background_400/B4EZWz6f1sGgAY-/0/1742480211925/bniperu_cover?e=1779145200&v=beta&t=XAPlhHz5Yba6m49bUSakKlo8aOkiPVjyjHuw_kr1Ww0","400","50","https://media.licdn.com/dms/image/v2/D4E1BAQHP4SGXFM8yWQ/company-background_200/B4EZWz6f1sGgAc-/0/1742480211925/bniperu_cover?e=1779145200&v=beta&t=ec_FQjPNhMYEJJ2eKJQDy06aPWbc8VlGS9FV_0M_68U","200","https://bniperu.com/es-pe/index","Con 39 años de experiencia, BNI opera en más de 80 países, contando con una red global de más de 328,000 miembros, entre directores, gerentes y dueños de empresas, que generan más de $24.2 mil millones en negocios anuales a través de nuestra metodología de marketing por referencias. Nuestro éxito se basa en un modelo donde el crecimiento individual está directamente vinculado al éxito colectivo.

BNI en Perú 
Desde su inicio en el país, BNI ha sido clave en el crecimiento de los negocios peruanos, con una comunidad de más de 1,250 miembros y 30 grupos activos. En nuestros primeros 9 años, hemos alcanzado más de 3,220 millones de soles en negocios cerrados y 139,000 referencias compartidas, siendo un canal confiable para el desarrollo empresarial.

Nuestra Misión: Ayudar a nuestros miembros a hacer crecer sus negocios mediante un programa estructurado, positivo y profesional de marketing por referencia. Fomentamos relaciones profundas y duraderas entre profesionales de alta calidad, apoyando su crecimiento continuo.

Beneficios Exclusivos para Miembros:
-Reuniones de networking semanales.
-Entrenamientos presenciales semanales.
-Acceso a capacitaciones en nuestra universidad corporativa.
-Eventos de networking nacionales e internacionales.
-Convenciones y encuentros sociales en todo el mundo.

En BNI, cada conexión es una oportunidad y cada miembro es un eslabón clave en la construcción de un ecosistema empresarial colaborativo.","268","500","201","16719",,,,"2015",,"67330571","Professional Services > Advertising Services","80","Marketing & Advertising","Advertising Services","urn:li:fsd_industry:80","https://www.linkedin.com/jobs/search?geoId=92000000&f_C=67330571","https://www.linkedin.com/company/bniperu/","Lima","PE","Sede","Lima","true",,,"Lima","Peru","PE","Peru",,"Lima","Lima, Peru",,"https://media.licdn.com/dms/image/v2/D4E0BAQEzJVmVXPfm5Q/company-logo_400_400/company-logo_400_400/0/1724688603708/bniperu_logo?e=1779926400&v=beta&t=4JAzeAaeF2F8flCM93IRCuadjvO3fFQhts1-xvoQyCc","400","https://media.licdn.com/dms/image/v2/D4E0BAQEzJVmVXPfm5Q/company-logo_400_400/company-logo_400_400/0/1724688603708/bniperu_logo?e=1779926400&v=beta&t=4JAzeAaeF2F8flCM93IRCuadjvO3fFQhts1-xvoQyCc","400","200","https://media.licdn.com/dms/image/v2/D4E0BAQEzJVmVXPfm5Q/company-logo_200_200/company-logo_200_200/0/1724688603708/bniperu_logo?e=1779926400&v=beta&t=ZlvLW2e7lZHgV5ryKkl3fbrVFpaDO-uAMTYN4_w4eCg","200","100","https://media.licdn.com/dms/image/v2/D4E0BAQEzJVmVXPfm5Q/company-logo_100_100/company-logo_100_100/0/1724688603708/bniperu_logo?e=1779926400&v=beta&t=RLu_drlBSR36B6aO2QHjeZaxTMQGav4ZmJFGuQcF2MY","100","BNI Perú","COMPANY","false",,,"+51963828960","Marketing","Eventos","conferencias","entrenamientos","negocios","gerencia","estrategia","gestion","redes","networking","Juntos Avanzamos","bniperu","http://www.bniperu.com","67330571","https://www.linkedin.com/company/bniperu/",,"400","https://media.licdn.com/dms/image/v2/D4E0BAQEzJVmVXPfm5Q/company-logo_400_400/company-logo_400_400/0/1724688603708/bniperu_logo?e=1779926400&v=beta&t=4JAzeAaeF2F8flCM93IRCuadjvO3fFQhts1-xvoQyCc","400","200","https://media.licdn.com/dms/image/v2/D4E0BAQEzJVmVXPfm5Q/company-logo_200_200/company-logo_200_200/0/1724688603708/bniperu_logo?e=1779926400&v=beta&t=ZlvLW2e7lZHgV5ryKkl3fbrVFpaDO-uAMTYN4_w4eCg","200","100","https://media.licdn.com/dms/image/v2/D4E0BAQEzJVmVXPfm5Q/company-logo_100_100/company-logo_100_100/0/1724688603708/bniperu_logo?e=1779926400&v=beta&t=RLu_drlBSR36B6aO2QHjeZaxTMQGav4ZmJFGuQcF2MY","100","https://media.licdn.com/dms/image/v2/D4E0BAQEzJVmVXPfm5Q/company-logo_400_400/company-logo_400_400/0/1724688603708/bniperu_logo?e=1779926400&v=beta&t=4JAzeAaeF2F8flCM93IRCuadjvO3fFQhts1-xvoQyCc","BNI Perú","bniperu",,"1 yr 4 mos",,"Present","4ebb1ff5196fe662b0db7d0e9f57ca39f85a0a85",,"Pionera en todo BNI Perú en Constelaciones Familiares y Organizacionales para CEO's y Alta Dirección",,,,,,,,,,,,,,"Feb","Feb 2025","2025",,"30000","33121",,"𝗦𝗼𝘆 𝗲𝘀𝗽𝗲𝗰𝗶𝗮𝗹𝗶𝘀𝘁𝗮 𝗲𝗻 𝗘𝗺𝗽𝗹𝗲𝗮𝗯𝗶𝗹𝗶𝗱𝗮𝗱 𝟯𝟲𝟬 𝘆 𝗟𝗶𝗱𝗲𝗿𝗮𝘇𝗴𝗼 𝗘𝗷𝗲𝗰𝘂𝘁𝗶𝘃𝗼 𝗦𝗶𝘀𝘁𝗲́𝗺𝗶𝗰𝗼 para Alta Dirección, y 𝗖𝗘𝗢 𝗱𝗲 𝗗𝗚 𝗧𝗮𝗹𝗲𝗻𝘁 𝗖𝗼𝗻𝘀𝘂𝗹𝘁𝗶𝗻𝗴, con más de 20 años gerenciando áreas de Recursos Humanos y más de 50,000 horas en campo diseñando y ejecutando programas de transformación organizacional.

He capacitado en 24 países y acompañado a cientos de empresas en talleres empresariales, además de trabajar de manera directa con casi todas las universidades del país en programas de empleabilidad y desarrollo profesional.

Trabajo con la alta dirección y equipos que gestionan transformación, potenciando culturas organizacionales (B2B) y personas en su dimensión individual (B2C). Mi 𝗩𝗶𝘀𝗶𝗼́𝗻 𝟯𝟲𝟬° me permite reconectar al colaborador con su verdadera esencia, activando energía y talento para lograr resultados medibles en desempeño, productividad y sostenibilidad.

En DG Talent, he creado el Método A.L.M.A. – un modelo propio, que integra:

✅ 𝗛𝗮𝗿𝗱: estrategia, resultados y eficiencia.
✅ 𝗦𝗼𝗳𝘁: liderazgo humano, comunicación y cultura colaborativa.
✅ 𝗗𝗲𝗲𝗽 𝗘𝗻𝗲𝗿𝗴𝘆: energía, intuición y presencia para cambios reales y sostenibles.

Mis principales servicios son:

🏆 𝗖𝗮𝗽𝗮𝗰𝗶𝘁𝗮𝗰𝗶𝗼́𝗻 𝗲𝗺𝗽𝗿𝗲𝘀𝗮𝗿𝗶𝗮𝗹 𝘆 𝗰𝗼𝗮𝗰𝗵𝗶𝗻𝗴 𝗲𝗷𝗲𝗰𝘂𝘁𝗶𝘃𝗼 para alta dirección y equipos que gestionan transformación.
🏆 𝗣𝗿𝗼𝗴𝗿𝗮𝗺𝗮𝘀 𝗱𝗲 𝗲𝗺𝗽𝗹𝗲𝗮𝗯𝗶𝗹𝗶𝗱𝗮𝗱 que trascienden la búsqueda de empleo.
🏆 𝗖𝗼𝗻𝘀𝘁𝗲𝗹𝗮𝗰𝗶𝗼𝗻𝗲𝘀 𝗳𝗮𝗺𝗶𝗹𝗶𝗮𝗿𝗲𝘀 como servicio premium, desbloqueando cargas invisibles y generando resultados reales.

🌀 Creo firmemente en el poder de la energía humana y en cómo, a partir de ella, se puede gestionar cambio profundo en las personas y en las organizaciones.

🏢 𝗖𝗼𝗺𝗼 𝗗𝗶𝗿𝗲𝗰𝘁𝗼𝗿𝗮 𝗱𝗲 𝗟𝗶𝗱𝗲𝗿𝗮𝘇𝗴𝗼 𝗲𝗻 𝗲𝗹 𝗚𝗿𝗲𝗺𝗶𝗼 𝗱𝗲 𝗹𝗮 𝗣𝗲𝗾𝘂𝗲𝗻̃𝗮 𝗘𝗺𝗽𝗿𝗲𝘀𝗮 𝗱𝗲 𝗹𝗮 𝗖𝗖𝗟, impulso políticas de impacto empresarial y alianzas estratégicas con cuerpos diplomáticos y espacios institucionales de alto nivel.

🪙 Mi sello es claro: combinar estrategia +  liderazgo + propósito, detectando bloqueos invisibles y activando el potencial oculto de líderes, organizaciones y personas.

👩‍💼 Diana García Coach | CEO & Founder en DG Talent Consulting  | 📲 933 603 752 
🔗 Linktree: linktr.ee/dianagarciacoach

📩 Si buscas transformar tu organización o potenciar tu desarrollo profesional, escríbeme directamente. Estaré encantada de conversar contigo y explorar cómo generar resultados reales juntos."
